type,id,version,timestamp,changeset,user,uid,lat,lon,tag:alt_name,tag:name,tag:natural,tag:short_name,tag:tourism,tag:website,tag:wheelchair,tag:wikidata,tag:wikipedia,tag:cave:ref,tag:ele,tag:wikimedia_commons,tag:fee,tag:depth,tag:geological,tag:historic,tag:historic:civilization,tag:historic:era,tag:historic:period,tag:access,tag:internet_access,tag:internet_access:fee,tag:internet_access:ssid,tag:name:mi,tag:ref:linz:place_id,tag:email,tag:name:af,tag:name:en,tag:phone,tag:name:ar,tag:name:fr,tag:source,tag:protect_class,tag:protection_title,tag:ref,tag:ref:DE-BY,tag:short_protection_title,tag:barrier,tag:internet_access:description,tag:opening_hours,tag:start_date,tag:reservation,tag:height,tag:locked,tag:note:en,tag:note:hu,tag:official_name,tag:protection_object,tag:protection_title:en,tag:name:de,tag:name:ru,tag:payment:cards,tag:payment:coins,tag:addr:city,tag:addr:country,tag:addr:postcode,tag:contact:phone,tag:contact:website,tag:heritage,tag:heritage:operator,tag:ref:whc,tag:lit,tag:LINZ:source_version,tag:attribution,tag:source_ref,tag:material,tag:not:natural,tag:name:ca,tag:name:tk,tag:wpt_symbol,tag:direction,tag:cave:fee,tag:name:es,tag:addr:street,tag:charge,tag:payment:cash,tag:mhs:inscription_date,tag:ref:mhs,tag:source:heritage,tag:url,tag:SIRUTA:code,tag:codul_entității_muzeale,tag:duration,tag:interval,tag:level,tag:museum_type,tag:name:hu,tag:photography:inside,tag:photography:note,tag:source:link,tag:temperature,tag:tourism_survey,tag:description,tag:name:tr,tag:highway,tag:subject:wikidata,tag:subject:wikipedia,tag:fixme,tag:designation,tag:length,tag:int_name,tag:note,tag:payment:credit_cards,tag:cave:ref:IT:FST,tag:source:url,tag:cave:length,tag:name:hr,tag:name:it,tag:operator,tag:source:name:mi,tag:name:ne,tag:name:he
node,194177073,12,2023-11-10T12:03:17Z,143860247,b-jazz-bot,9451067,51.1254699,7.9149992,Attendorner Tropfsteinhöhle,Atta-Höhle,cave_entrance,Attahöhle,attraction,https://www.atta-hoehle.de/,no,Q11400,de:Atta-Höhle,,,,,,,,,,,,,,,,,,,,,,,,,,,,,,,,,,,,,,,,,,,,,,,,,,,,,,,,,,,,,,,,,,,,,,,,,,,,,,,,,,,,,,,,,,,,,,,,,,,,,,,
node,274302247,2,2011-06-10T17:58:54Z,8399427,fischhonig,41113,48.7750234,10.5531382,,Kammerlochhöhle,cave_entrance,,,,,,,M011,,,,,,,,,,,,,,,,,,,,,,,,,,,,,,,,,,,,,,,,,,,,,,,,,,,,,,,,,,,,,,,,,,,,,,,,,,,,,,,,,,,,,,,,,,,,,,,,,,,,,,
node,278574320,4,2016-08-30T20:55:58Z,41812734,UnLieuUnInstant,2114531,48.0405133,7.0207942,,La Grotte Dagobert,cave_entrance,,,,,,,,1128,,,,,,,,,,,,,,,,,,,,,,,,,,,,,,,,,,,,,,,,,,,,,,,,,,,,,,,,,,,,,,,,,,,,,,,,,,,,,,,,,,,,,,,,,,,,,,,,,,,,,
node,286783901,5,2023-11-24T08:12:30Z,144397186,tg4567,12500589,-11.2682671,-75.7865844,,Gruta de Huagapo,cave_entrance,,,,,Q21733380,es:Gruta de Huagapo,,,Category:Gruta de Huagapo,,,,,,,,,,,,,,,,,,,,,,,,,,,,,,,,,,,,,,,,,,,,,,,,,,,,,,,,,,,,,,,,,,,,,,,,,,,,,,,,,,,,,,,,,,,,,,,,,,,,
node,298946850,5,2020-12-30T17:43:06Z,96683883,hofoen,52797,39.0054225,-114.2206718,,Lehman Caves,cave_entrance,,,,,Q25416611,,,,,,,,,,,,,,,,,,,,,,,,,,,,,,,,,,,,,,,,,,,,,,,,,,,,,,,,,,,,,,,,,,,,,,,,,,,,,,,,,,,,,,,,,,,,,,,,,,,,,,,,
node,308354506,4,2017-01-04T10:26:17Z,44894715,dan980,1240942,40.2467401,9.6227793,,Grotta del Bue marino,cave_entrance,,attraction,,,Q1225474,it:Grotte del Bue Marino,,,,yes,,,,,,,,,,,,,,,,,,,,,,,,,,,,,,,,,,,,,,,,,,,,,,,,,,,,,,,,,,,,,,,,,,,,,,,,,,,,,,,,,,,,,,,,,,,,,,,,,,,
node,320120939,4,2025-06-18T00:52:36Z,167760530,JessAk71,381909,40.7973795,-122.2766711,,Lake Shasta Caverns,cave_entrance,,,,,,,,,,,,,,,,,,,,,,,,,,,,,,,,,,,,,,,,,,,,,,,,,,,,,,,,,,,,,,,,,,,,,,,,,,,,,,,,,,,,,,,,,,,,,,,,,,,,,,,,,,,,,
node,340386100,3,2010-10-23T14:08:01Z,6143175,wheelmap_visitor,290680,48.40668,9.8734,,Banzenloch,cave_entrance,,,,no,,,,,,,70,,,,,,,,,,,,,,,,,,,,,,,,,,,,,,,,,,,,,,,,,,,,,,,,,,,,,,,,,,,,,,,,,,,,,,,,,,,,,,,,,,,,,,,,,,,,,,,,,,
node,354842709,4,2021-02-21T13:58:19Z,99681344,makiwolf,11497792,47.252753,15.54955,,Katerloch,cave_entrance,,,,,Q1735838,de:Katerloch,2833/59,,Category:Katerloch,,,,,,,,,,,,,,,,,,,,,,,,,,,,,,,,,,,,,,,,,,,,,,,,,,,,,,,,,,,,,,,,,,,,,,,,,,,,,,,,,,,,,,,,,,,,,,,,,,,,
node,370538351,2,2013-04-29T14:41:26Z,15909156,Mauls,24119,-34.0502827,115.0249175,,Calgardup Cave,cave_entrance,,attraction,,,,,,,,,,,,,,,,,,,,,,,,,,,,,,,,,,,,,,,,,,,,,,,,,,,,,,,,,,,,,,,,,,,,,,,,,,,,,,,,,,,,,,,,,,,,,,,,,,,,,,,,,,,
node,418784261,3,2017-09-24T23:37:56Z,52341278,nyuriks,339581,43.4306677,-3.6659247,,Cueva de La Garma,cave_entrance,,,https://turismodecantabria.com/disfrutala/que-visitar/26-cueva-de-la-garma/buscador-aWRab25hPTgmaWRNdW5pY2lwaW89Nzcm,,Q8348804,es:Complejo kárstico del monte de La Garma,,,,,,palaeontological_site,archaeological_site,prehistoric,paleolithic,stone-age,,,,,,,,,,,,,,,,,,,,,,,,,,,,,,,,,,,,,,,,,,,,,,,,,,,,,,,,,,,,,,,,,,,,,,,,,,,,,,,,,,,,,,,,,,,,,
node,440011392,2,2019-06-15T12:43:06Z,71279045,kartonage,1497225,-19.754733,63.3868419,,Caverne Patate,cave_entrance,,attraction,,,,,,,,,,,,,,,,,,,,,,,,,,,,,,,,,,,,,,,,,,,,,,,,,,,,,,,,,,,,,,,,,,,,,,,,,,,,,,,,,,,,,,,,,,,,,,,,,,,,,,,,,,,
node,475710521,5,2026-01-15T23:33:01Z,177278393,Brían,21918366,52.2471229,-9.4443544,,Crag Cave,cave_entrance,,attraction,https://www.cragcave.com/,,Q1138482,,,,,yes,,,,,,,customers,wlan,no,cave,,,,,,,,,,,,,,,,,,,,,,,,,,,,,,,,,,,,,,,,,,,,,,,,,,,,,,,,,,,,,,,,,,,,,,,,,,,,,,,,,,,,,,,,,
node,495996579,5,2023-01-06T06:19:33Z,130933624,❤️‍🔥_import,8389777,-45.2945045,167.7264435,Te Anau Glowworm Caves,Te Ana-au Glow-Worm Caves,cave_entrance,,attraction,,,Q1436725,,,,,,,,,,,,,,,,Te Ana-au Glow-Worm,42187,,,,,,,,,,,,,,,,,,,,,,,,,,,,,,,,,,,,,,,,,,,,,,,,,,,,,,,,,,,,,,,,,,,,,,,,,,,,,,,,,,,,,,,
node,496887249,2,2010-04-18T14:10:19Z,4458262,woessmich,86889,47.5352604,7.8033875,,Bierkeller Theophil Roniger,cave_entrance,,,,,,,,,,,,,,,,,,,,,,,,,,,,,,,,,,,,,,,,,,,,,,,,,,,,,,,,,,,,,,,,,,,,,,,,,,,,,,,,,,,,,,,,,,,,,,,,,,,,,,,,,,,,,
node,503858812,11,2026-01-02T16:36:50Z,176751574,confusedbuffalo,242345,-33.3922844,22.2143761,,Cango Caves,cave_entrance,,attraction,https://www.cango-caves.co.za/,no,Q1033211,en:Cango Caves,,,Category:Cango Caves,yes,,,,,,,permissive,,,,,,reservations@cangocaves.co.za,Kangogrotte,Cango Caves,+27 44 272 7410; +27 82 303 0029,,,,,,,,,,,,,,,,,,,,,,,,,,,,,,,,,,,,,,,,,,,,,,,,,,,,,,,,,,,,,,,,,,,,,,,,,,,,,,,,,,,
node,516610283,2,2020-07-11T22:57:37Z,87865497,MustafaQasim,9535554,30.6804948,-9.3447545,,Wintindouine وينتيمدوين,cave_entrance,,,,,,,,,,,,,,,,,,,,,,,,,,,وينتيمدوين,Wintindouine,,,,,,,,,,,,,,,,,,,,,,,,,,,,,,,,,,,,,,,,,,,,,,,,,,,,,,,,,,,,,,,,,,,,,,,,,,,,,,,,,
node,554858725,2,2022-02-21T17:56:50Z,117693612,skifans,2800603,54.2210687,-2.516764,,Lancaster Hole,cave_entrance,,,,,,,,,,no,,,,,,,permit,,,,,,,,,,,,survey,,,,,,,,,,,,,,,,,,,,,,,,,,,,,,,,,,,,,,,,,,,,,,,,,,,,,,,,,,,,,,,,,,,,,,,,,,,,,,,,
node,556748045,9,2023-02-26T00:37:12Z,133026534,ivanbranco,11220113,49.7793379,11.2826077,,Zoolithenhöhle,cave_entrance,,,,no,Q15062161,de:Zoolithenhöhle,D 109,,Category:Zoolithenhöhle,,,,,,,,no,,,,,,,,,,,,,7,Naturdenkmal,042,ND-04462,ND,,,,,,,,,,,,,,,,,,,,,,,,,,,,,,,,,,,,,,,,,,,,,,,,,,,,,,,,,,,,,,,,,,,,,,,,,,,
node,558629070,5,2017-09-24T23:49:33Z,52341394,nyuriks,339581,43.3975847,-4.5329511,,Cueva el Pindal,cave_entrance,,attraction,,,Q555011,es:Cueva del Pindal,,,,yes,,palaeontological_site,archaeological_site,,,,,,,,,,,,,,,,,,,,,,,,,,,,,,,,,,,,,,,,,,,,,,,,,,,,,,,,,,,,,,,,,,,,,,,,,,,,,,,,,,,,,,,,,,,,,,,,
node,644792344,12,2025-12-13T15:30:40Z,175888091,GeoAndi,16771983,50.6877814,8.2063777,,Herbstlabyrinth-Adventhöhle-System,cave_entrance,,attraction,https://schauhöhle-breitscheid.de/,,Q1609531,de:Herbstlabyrinth-Adventhöhle-System,,,,yes,,,,,,,customers,wlan,no,Hessen-WLAN Breitscheid,,,,,,+49 231 9172290,,,,,,,,,door,4 MBit pro Nutzer,"Sa-Su, PH 11:00-18:00",2009,,,,,,,,,,,,,,,,,,,,,,,,,,,,,,,,,,,,,,,,,,,,,,,,,,,,,,,,,,,,,,,,,,,,,,,
node,686817231,6,2021-08-09T13:04:12Z,109408820,Gustry,86289,43.709593,3.5525836,,Grotte de Clamouse,cave_entrance,,attraction,https://www.clamouse.com/,,Q2975544,,,,,yes,,,,,,,customers,,,,,,,,,+33 4 67 57 71 05,,,cadastre-dgi-fr source : Direction Générale des Impôts - Cadastre. Mise à jour : 2010,,,,,,gate,,,,,,,,,,,,,,,,,,,,,,,,,,,,,,,,,,,,,,,,,,,,,,,,,,,,,,,,,,,,,,,,,,,,,,,,,,
node,696792182,9,2023-08-18T17:56:20Z,140068496,Fresno map,18864067,36.5892266,-118.826153,,Crystal Cave,cave_entrance,,attraction,https://www.nps.gov/seki/planyourvisit/crystal-cave.htm,,Q5191154,,,,,yes,,,,,,,customers,,,,,,,,,,,,,,,,,,,,,,required,,,,,,,,,,,,,,,,,,,,,,,,,,,,,,,,,,,,,,,,,,,,,,,,,,,,,,,,,,,,,,,,,,,,,,
node,707254947,12,2025-09-14T18:36:12Z,171930238,itineris,622084,46.1366843,18.1165307,,Abaligeti-cseppkőbarlang,cave_entrance,,,https://termeszetvedelem.hu/talalati-oldal/?type=orszagos-barlangnyilvantartas&id=4120-1,,Q305277,hu:Abaligeti-barlang,4120-1,,,yes,10,,,,,,customers,,,,,,,,,,,,,3,fokozottan védett,,,,door,,"""Cave tours start every hour between 9 and 17.00""",,,48.7,yes,accessible with the permission of the National Park Directorate,NPI hozzájárulásával látogatható,Abeligeti-barlang,cave,strictly protected,,,,,,,,,,,,,,,,,,,,,,,,,,,,,,,,,,,,,,,,,,,,,,,,,,,,,,,,,,,,,,,
node,715290197,27,2025-10-22T13:36:53Z,173628397,Pan Perníček,9641379,36.5391555,32.1097885,Gavurini Mağarası,Dim Mağarası,cave_entrance,,attraction,,,Q769148,tr:Dim Mağarası,,,Category:Dim Cave,yes,,,,,,,yes,,,,,,,,Dim Cave,,,,,,,,,,,,,,,,,,,,,,Dim Höhle,Пещера Дим,yes,yes,,,,,,,,,,,,,,,,,,,,,,,,,,,,,,,,,,,,,,,,,,,,,,,,,,,,,,,,,,,
node,745919883,7,2025-07-06T06:46:05Z,168547948,Fjellrev,674625,46.6846706,7.7823068,,St.Beatus-Höhlen,cave_entrance,,,,no,Q664463,de:St. Beatus-Höhlen,,,,,,,,,,,,,,,,,,,,,,,,,,,,,,,Mar-Oct Mo-Su 09:30-17:00,,,,,,,,,,,,,,Sundlauenen,CH,3800,+41 33 841 16 43,https://www.beatushoehlen.swiss/,,,,,,,,,,,,,,,,,,,,,,,,,,,,,,,,,,,,,,,,,,,,,,,,,,,,,,
node,776040430,1,2010-06-19T11:16:05Z,5022779,stevea,123633,37.2841065,-122.1598132,,Bodhidharma Cave,cave_entrance,,,,,,,,,,,,,,,,,,,,,,,,,,,,,,,,,,,,,,,,,,,,,,,,,,,,,,,,,,,,,,,,,,,,,,,,,,,,,,,,,,,,,,,,,,,,,,,,,,,,,,,,,,,,,
node,903676829,4,2025-03-03T13:25:30Z,163161281,miroslavuzice87,4611642,-24.5338246,-48.7022212,,Caverna Santana,cave_entrance,,attraction,,,Q5055052,pt:Caverna Santana,,,,,,,,,,,,,,,,,,,,,,,,,,,,,,,,,,,,,,,,,,,,,,,,,,,,,,,,,,,,,,,,,,,,,,,,,,,,,,,,,,,,,,,,,,,,,,,,,,,,,,,
node,923447187,5,2024-12-09T17:30:03Z,160100836,Harald Hetzner,9177796,47.3778454,10.1503983,,Hölloch,cave_entrance,,,,,Q1485840,de:Hölloch (Deutschland),,1438,,,96,,,,,,,,,,,,,,,,,,,,,,,,,,,,,,,,,,,,,,,,,,,,,,,,,,,,,,,,,,,,,,,,,,,,,,,,,,,,,,,,,,,,,,,,,,,,,,,,,,
node,942519597,3,2024-04-09T11:19:43Z,149772712,tg4567,12500589,28.6230973,31.2864247,,Sannur Cave,cave_entrance,,,,,Q4116382,ar:محمية كهف وادي سنور,,,,,,,,,,,,,,,,,,,,,,,,,,,,,,,,,,,,,,,,,,,,,,,,,,,,,,,,,,,,,,,,,,,,,,,,,,,,,,,,,,,,,,,,,,,,,,,,,,,,,,,
node,977664869,1,2010-11-05T18:29:58Z,6297170,Andreas Binder,268988,47.7076733,12.0166049,,Unteres Wetterloch,cave_entrance,,,,,,,,1440,,,,,,,,,,,,,,,,,,,,,survey,,,,,,,,,,,,,,,,,,,,,,,,,,,,,,,,,,,,,,,,,,,,,,,,,,,,,,,,,,,,,,,,,,,,,,,,,,,,,,,,
node,981440188,21,2025-12-01T15:53:07Z,175364988,itineris,622084,48.471632,20.4954489,,Baradla-barlang bejárat,cave_entrance,,,https://termeszetvedelem.hu/talalati-oldal/?type=orszagos-barlangnyilvantartas&id=5430-1,,Q631356,hu:Baradla-barlang bejárat,5430-1,,,yes,102.5,,,,,,customers,,,,,,,,,,,,,3,fokozottan védett,,,,door,,,,,139.15,yes,accessible with the permission of the National Park Directorate,NPI hozzájárulásával látogatható,,cave,strictly protected,,,,,,,,,,1,whc,725,,,,,,,,,,,,,,,,,,,,,,,,,,,,,,,,,,,,,,,,,,,,,,,,,,,
node,992092588,1,2010-11-17T00:40:23Z,6389729,Alexander Avtanski,79401,38.06904,-120.4660397,,Moaning Cave,cave_entrance,,,,,,,,,,,,,,,,,,,,,,,,,,,,,,,,,,,,,,,,,,,,,,,,,,,,,,,,,,,,,,,,,,,,,,,,,,,,,,,,,,,,,,,,,,,,,,,,,,,,,,,,,,,,,
node,1017924795,4,2016-04-23T09:31:55Z,38809060,Schermy,381316,47.2796888,13.0846577,,Entrische Kirche,cave_entrance,,,,,Q1345167,de:Entrische Kirche,2595/2,,,,,,,,,,,,,,,,,,,,,,,,,,,,,,,,,,,,,,,,,,,,,,,,,,,,,,,,,,,,,,,,,,,,,,,,,,,,,,,,,,,,,,,,,,,,,,,,,,,,,,
node,1074302540,2,2019-03-20T01:03:37Z,68316105,aharvey,237525,-35.7235272,148.4870203,,Jersey Cave,cave_entrance,,,,,,,,,,yes,,,,,,,customers,,,,,,,,,,,,,,,,,,gate,,,,,,,,,,,,,,,,,,,,,,,,yes,,,,,,,,,,,,,,,,,,,,,,,,,,,,,,,,,,,,,,,,,,,,,,,,,,
node,1123061406,1,2011-01-27T04:59:59Z,7100312,LINZ Data Upload,252775,-38.8963773,177.5265189,,,cave_entrance,,,,,,,,,,,,,,,,,,,,,,,,,,,,,,,,,,,,,,,,,,,,,,,,,,,,,,,,,,,,V16,http://wiki.osm.org/wiki/Attribution#LINZ,http://www.linz.govt.nz/topography/topo-maps/,,,,,,,,,,,,,,,,,,,,,,,,,,,,,,,,,,,,,,,,,,,,,,,
node,1123061543,5,2016-11-30T09:19:39Z,44054904,pavlina88,3666419,-41.2026465,172.1817695,,Miners Cave,cave_entrance,,viewpoint,,no,,,,,,no,,,,,,,yes,,,,,,,,,,,,,,,,,,,,,,,,,,,,,,,,,,,,,,,,,,,V16,http://wiki.osm.org/wiki/Attribution#LINZ,http://www.linz.govt.nz/topography/topo-maps/,,,,,,,,,,,,,,,,,,,,,,,,,,,,,,,,,,,,,,,,,,,,,,,
node,1123061583,1,2011-01-27T05:00:10Z,7100312,LINZ Data Upload,252775,-37.5449778,175.0161498,,,cave_entrance,,,,,,,,,,,,,,,,,,,,,,,,,,,,,,,,,,,,,,,,,,,,,,,,,,,,,,,,,,,,V16,http://wiki.osm.org/wiki/Attribution#LINZ,http://www.linz.govt.nz/topography/topo-maps/,,,,,,,,,,,,,,,,,,,,,,,,,,,,,,,,,,,,,,,,,,,,,,,
node,1123061603,3,2024-03-03T03:44:29Z,148152684,❤️‍🔥_import,8389777,-41.9518936,171.4768536,,Hole in the Hill,cave_entrance,,,,,Q32222687,,,,,,,,,,,,,,,,,2048,,,,,,,LINZ,,,,,,,,,,,,,,,,,,,,,,,,,,,,,,,,,,limestone,rock,,,,,,,,,,,,,,,,,,,,,,,,,,,,,,,,,,,,,,,,,,,,,
node,1123061615,2,2024-03-03T03:44:29Z,148152684,❤️‍🔥_import,8389777,-42.0435608,171.4436588,,Ballroom Overhang,cave_entrance,,,,,Q32124933,en:Ballroom Overhang,,,,,,,,,,,,,,,,282,,,,,,,,,,,,,,,,,,,,,,,,,,,,,,,,,,,,,,,,,,rock,,,,,,,,,,,,,,,,,,,,,,,,,,,,,,,,,,,,,,,,,,,,,
node,1123061620,1,2011-01-27T05:00:12Z,7100312,LINZ Data Upload,252775,-41.5658266,172.6776573,,,cave_entrance,,,,,,,,,,,,,,,,,,,,,,,,,,,,,,,,,,,,,,,,,,,,,,,,,,,,,,,,,,,,V16,http://wiki.osm.org/wiki/Attribution#LINZ,http://www.linz.govt.nz/topography/topo-maps/,,,,,,,,,,,,,,,,,,,,,,,,,,,,,,,,,,,,,,,,,,,,,,,
node,1174578048,9,2025-11-08T13:21:18Z,174376051,SomeoneElse_Revert,1778799,43.5933164,25.9600821,,Орлова чука,cave_entrance,,,,,Q12289333,bg:Орлова чука,,,,,,,,,,,,,,,,,,,,,,,,,,,,,,,,,,,,,,,,,,,,,,,,,,,,,,,,,,,,,,,,,,,,,,,,,,,,,,,,,,,,,,,,,,,,,,,,,,,,,,,
node,1192434410,10,2025-09-14T18:36:12Z,171930238,itineris,622084,47.699993,18.8444428,,Leány-barlang,cave_entrance,,,https://termeszetvedelem.hu/talalati-oldal/?type=orszagos-barlangnyilvantartas&id=4840-1,,,,4840-1,460,,,139.6,,,,,,permit,,,,,,,,,,,,,3,fokozottan védett,,,,door,,,,,206.1,yes,accessible with the permission of the National Park Directorate,NPI hozzájárulásával látogatható,Ariadne-barlangrendszer,cave,strictly protected,,,,,,,,,,,,,,,,,,,,,,,,,,,,,,,,,,,,,,,,,,,,,,,,,,,,,,,,,,,,,,,
node,1201366333,3,2011-03-17T09:50:09Z,7583449,Dave- Tas,276071,-41.5516035,146.2481437,,King Solomon Caves,cave_entrance,,,,,,,,,,,,,,,,,,,,,,,,,,,,,,,,,,,,,,,,,,,,,,,,,,,,,,,,,,,,,,,,,,,,,,,,,,,,,,,,,,,,,,,,,,,,,,,,,,,,,,,,,,,,,
node,1312824946,10,2026-02-05T09:30:00Z,178130083,cave2596,6841341,44.3143024,15.4750108,,Manita peć,cave_entrance,,,https://www.np-paklenica.hr/en/index.php/park/tourist-facilities/manita-pec-cave,,,,,570,,yes,,,,,,,yes,,,,,,,,,,,,,,,,,,,,,,,,,,,,,,,,,,,,,,,,,,,,,,,,,,,,,,,,,,,,,,,,,,,,,,,,,,,,,,,,,,,,,,,,,,,,
node,1325351976,8,2023-09-17T13:43:25Z,141382596,tg4567,12500589,39.5070206,3.2995185,,Cova des Pirata,cave_entrance,,,,,Q20639449,,,22,Category:Cova des Pirata,,,,,,,,private,,,,,,,,,,,,,,,,,,,,,,,,,,,,,,,,,,,,,,,,,,,,,,,,Cova des Pirata,,,,,,,,,,,,,,,,,,,,,,,,,,,,,,,,,,,,,,,,,,,,
node,1389940709,2,2019-12-25T04:28:54Z,78836134,camelCaseNick,9563645,47.8231298,13.8427464,,Gasselhöhle,cave_entrance,,,,,Q1495345,,,,,,,,,,,,,,,,,,,,,,,,,,,,,,,,,,,,,,,,,,,,,,,,,,,,,,,,,,,,,,,,,,,,,,,,,,,,,,,,,,,,,,,,,,,,,,,,,,,,,,,,
node,1488744824,7,2024-08-05T19:42:12Z,154866214,TommiG,6096256,47.080068,11.6714154,,Spannagelhöhle,cave_entrance,,,https://www.spannagelhoehle.at,,Q875718,de:Spannagelhöhle,2515/1,,Category:Spannagelhöhle,,,,,,,,,,,,,,,,,,,,,,,,,,,,,,,,,,,,,,,,,,,,,,,,,,,,,,,,,,,,,,,,,,,,,,,,,,,,,,,,,,,,,,,,,,,,,,,,,,,,
node,1572294886,4,2025-01-31T17:29:16Z,161985473,Candid Dauth,41897,37.2325328,30.7113958,,Kocain Mağarası,cave_entrance,,attraction,,,Q30589415,en:Kocain Cave,,,Category:Kocain Cave,no,,,,,,,,,,,,,,,,,,,,,,,,,,,,,,,,,,,,,Kocain-Höhle,,,,,,,,,,,,,,,,,,,Kocain Mağarası,Skull and Crossbones,,,,,,,,,,,,,,,,,,,,,,,,,,,,,,,,,,,,,,,,,,
node,1825661457,1,2012-07-14T19:30:12Z,12220843,jeawrong,179966,41.0320735,17.1565982,,Grotta Valentini,cave_entrance,,,,,,,,,,,,,,,,,private,,,,,,,,,,,,,,,,,,,,,,,,,,,,,,,,,,,,,,,,,,,,,,,,,,,,,,,,,,,,,,,,,,,,,,,,,,,,,,,,,,,,,,,,,,,,
node,1961032052,5,2022-11-26T02:36:44Z,129387823,jmaspons,11725140,40.9499921,0.5110749,,Cova Meravelles,cave_entrance,,,,,,,,,,,,,,,,,,,,,,,,,,,,,,,,,,,,,,,,,,,,,,,,,,,,,,,,,,,,,,,,,Cova Meravelles,,,,,,,,,,,,,,,,,,,,,,,,,,,,,,,,,,,,,,,,,,,,
node,2163196165,2,2014-02-13T18:05:18Z,20545543,geoscoutpr,621792,18.4081159,-66.981154,,,cave_entrance,,,,,,,,,,,,,,,,,,,,,,,,,,,,,,,,,,,,,,,,,,,,,,,,,,,,,,,,,,,,,,,,,,,,,,,,,,,,,,,,,,,,,,,,,,,,,,,,,,,,,,,,,,,,,
node,2174721117,1,2013-02-26T07:30:21Z,15169962,pfg21,717210,54.1314346,56.8426495,,,cave_entrance,,,,,,,,,,,,,,,,,,,,,,,,,,,,,,,,,,,,,,,,,,,,,,,,,,,,,,,,,,,,,,,,,,,,,,,,,,,,,,,,,,,,,,,,,,,,,,,,,,,,,,,,,,,,,
node,2264386190,2,2019-05-07T03:17:59Z,69957433,5m4u9,72264,-18.1143342,-65.8115243,,Caverna Umajalanta,cave_entrance,,attraction,,,,,,,,yes,,,,,,,customers,,,,,,,,,,,,,,,,,,,,,,,,,,,,,,,,,,,,,,,,,,,,,,,,,,,45,,,,,,,,,,,,,,,,,,,,,,,,,,,,,,,,,,,,,,,,,
node,2267151473,6,2025-01-25T17:45:41Z,161755500,Acimut,17237320,22.5475962,-83.8430155,,Caverna de Santo Tomás,cave_entrance,,,,,Q1051870,es:Caverna de Santo Tomás,,,,,,,,,,,,,,,,,,,Cave of Santo Tomás,,,,,,,,,,,,Mo-Su 09:00-17:00,,,,,,,,,,,,,,,,,,,,,,,,,,,,,,,,10 CUC,Caverna de Santo Tomás,,,,,,,,,,,,,,,,,,,,,,,,,,,,,,,,,,,,,,,
node,2285744211,3,2018-09-07T01:28:20Z,62358983,sb9576,943785,-34.2734417,115.0969569,,Moondyne Cave,cave_entrance,,attraction,,,Q4164274,en:Moondyne Cave,,,,,,,,,,,,,,,,,,,,,,,,,,,,,,,,,,,,,,,,,,,,,,AU,,,,,,,,,,,,,,,,,,,Jewel Caves Road,,,,,,,,,,,,,,,,,,,,,,,,,,,,,,,,,,,,,,
node,2375460063,5,2025-09-21T15:04:25Z,172251099,Harald Hetzner,9177796,44.0045419,15.0384678,,Strašna peć,cave_entrance,,attraction,,,Q16113130,hr:Strašna peć,,,,yes,,,,,,,customers,,,,,,,,,,,,,,,,,,,,"May-Sep Mon-Sun 11:00-14:30, 15:30-19:00",,,,,,,,,,,,,,,,,,,,,,,,,,,,,,,,,,,10 EUR,yes,,,,,,,,,,,,,,,,,,,,,,,,,,,,,,,,,,,,
node,2382055156,4,2020-09-12T01:20:28Z,90781619,pizzaiolo,1772368,-21.1447124,-56.5915106,,Gruta do Lago Azul,cave_entrance,,attraction,,,Q22687920,,,,,,,,,,,,,,,,,,,,Blue Lake Cave,,,,,,,,,,,,,,,,,,,,,,,,,,,,,,,,,,,,,,,,,,,,,,,,,,,,,,,,,,,,,,,,,,,,,,,,,,,,,,,,,,,,
node,2423303117,6,2024-07-10T10:48:54Z,153778320,Coucouf,62548,45.4425621,0.785301,Grotte Préhistorique du Cluzeau,Grotte de Villars,cave_entrance,,attraction,http://grotte-villars.com,,Q177657,fr:Grotte de Villars,,,,yes,,,,,,,,,,,,,,,,,,,,,,,,,,,,,,,,,,,,,,,,,,,,,,2,mhs,,,,,,,,,,,,,,,,,1958-12-09,PA00083067,"data.gouv.fr, Ministère de la Culture - 2016",,,,,,,,,,,,,,,,,,,,,,,,,,,,,,,,,
node,2483192759,2,2021-08-22T11:47:23Z,110057921,seichter,66497,48.2809519,9.5133712,,Heuscheuerle,cave_entrance,,,,,,,,,,,,,,,,,,,,,,,,,,,,,,,,,,,,,,,,,,,,,,,Heuscheuerle,,,,,,,,,,,,,,,,,,,,,,,,,,,,,,,,,,,,,,,,,,,,,,,,,,,,,,,,,,,,,,
node,2486226122,6,2014-11-07T14:24:51Z,26615726,Gil d'Asprer,1006658,42.0528164,0.2488836,,Cova Terreu,cave_entrance,,,,,,,,,,,,,,,,,,,,,,,,,,,,,,,,,,,,,,,,,,,,,,,,,,,,,,,,,,,,,,,,,,,,,,,,,,,,,http://www.panoramio.com/photo/85425753,,,,,,,,,,,,,,,,,,,,,,,,,,,,,,,,
node,2495014138,1,2013-10-13T14:16:49Z,18333259,katpatuka,17497,40.4869849,117.4889914,,兴隆溶洞,cave_entrance,,,,,,,,,,,,,,,,,,,,,,,,,,,,,,,,,,,,,,,,,,,,,,,,,,,,,,,,,,,,,,,,,,,,,,,,,,,,,,,,,,,,,,,,,,,,,,,,,,,,,,,,,,,,,
node,2509040859,2,2017-11-12T20:11:30Z,53722656,ff5722,3450290,25.4099998,106.1600037,,Zhongdong cave,cave_entrance,,,,,,,,,,,,,,,,,,,,,,,,,,,,,,,,,,,,,,,,,,,,,,,,,,,,,,,,,,,,,,,,,,,,,,,,,,,,,,,,,,,,,,,,,,,,,,,,,,,,,,,,,,,,,
node,2510360072,1,2013-10-27T14:04:06Z,18566364,Eric S,45284,-15.5422892,46.8853815,,Anjohibe,cave_entrance,,,,,,,,,,,,,,,,,,,,,,,,,,,,,,,,,,,,,,,,,,,,,,,,,,,,,,,,,,,,,,,,,,,,,,,,,,,,,,,,,,,,,,,,,,,,,,,,,,,,,,,,,,,,,
node,2634652214,11,2025-11-08T13:22:40Z,174376101,SomeoneElse_Revert,1778799,46.553915,22.569324,,Peștera Urșilor,cave_entrance,,attraction,,,Q989608,ro:Peștera Urșilor,,,,,,,,,,,,,,,,,,,Bears' Cave,,,,INP,,,,,,,,Tu-Su 9:00-17:00,1980,,,,,,,,,,,,,Chișcău,,417366,,,,,,,,,,,,,,,,,,,40 RON,,,,,,30354,7108300.0,45,60,2,Natural Sciences - Caves,Medve-barlang,no,"Officially prohibited, the guide may allow personal pictures.",http://date.gov.ro/dataset/ghidul-muzeelor-din-romania,10 degrees Celsius,20.09.2013 13:49:25,,,,,,,,,,,,,,,,,,,,
node,2677612603,8,2017-06-18T19:36:30Z,49642450,adrianojbr,2339960,-27.2252582,-49.1574384,Cavernas de Botuverá,Grutas de Botuverá,cave_entrance,,attraction,http://www.botuvera.sc.gov.br/turismo-lazer/parque-das-grutas/,,,,,,,,,,,,,,,,,,,,,,,+55 47 3087 8387,,,,,,,,,,,Tu-Su 08:00-17:00,,,,,,,,,,,,,,,,,,,,,,,,,,,,,,,,,,,,,,,,,,,,,,,,,,,,,,,,,,,,,,,,,,,,,,,,
node,2729783661,5,2019-11-16T10:55:49Z,77161292,nbuzjak,534497,45.8187313,15.678312,,Nova Grgosova špilja,cave_entrance,,,,,,,,,,yes,,,,,,,,,,,,,,,,,,,,,,,,,,,Tu-Su 12:00-17:00,,,,,,,,,,,,,,,,,,,,,,,,,,,,,,,,,,,,,,,,,,,,,,,,,,,,,Show cave,,,,,,,,,,,,,,,,,,,
node,2824859401,2,2017-09-02T23:21:40Z,51682115,AJ Riley,157922,31.7288758,-110.7684871,,Cave of the Bells,cave_entrance,,,,,Q5054957,en:Cave of the Bells,,,,,,,,,,,,,,,,,,,,,,,USGS,,,,,,,,,,,,,,,,,,,,,,,,,,,,,,,,,,,,,,,,,,,,,,,,,,,,,,,,,,,,,,,,,,,,,,,,,,,,,,,,
node,2875516784,2,2018-10-20T02:45:12Z,63694717,CharliePlett,4751364,17.0492181,-89.0972559,,Actun Chapat Cave Adventure,cave_entrance,,,,,,,,,,,,,,,,,,,,,,,,,,,,,,,,,,,,,,,,,,,,,,,,,,,,,,,,,,,,,,,,,,,,,,,,,,,,,,,,,,,,,,,,,,,,,,,,,,,,,,,,,,,,,
node,2970889616,1,2014-07-19T23:43:34Z,24246221,nailuj,77405,51.3669091,7.6683407,,,cave_entrance,,,,,,,,,,,,,,,,,,,,,,,,,,,,,,,,,,,,,,,,,,,,,,,,,,,,,,,,,,,,,,,,,,,,,,,,,,,,,,,,,,,,,,,,,,,,,,,,,,,,,,,,,,,,,
node,2972577607,1,2014-07-21T06:38:03Z,24266497,Oksion,60769,43.2459665,40.3985773,,,cave_entrance,,,,,,,,,,,,,,,,,,,,,,,,,,,,,,,,,,,,,,,,,,,,,,,,,,,,,,,,,,,,,,,,,,,,,,,,,,,,,,,,,,,,,,,,,,,,,,,,,,,,,,,,,,,,,
node,3096058666,8,2018-09-19T08:39:39Z,62721815,kiaraSh-Q,2693232,35.8360367,48.1621486,,غار کتله خور,cave_entrance,,attraction,,,Q6375049,fa:غار کتله‌خور,,,,,,,,,,,,,,,,,,,Kataleh Khor Cave,,,,,,,,,,,,,,,,,,,,,,,,,,,,,,,,,,,,,,,,,,,,,,,,,,,,,,,,,,,,,,,,,,katle khor mağara,,,,,,,,,,,,,,,,,,
node,3269827185,2,2024-04-24T18:38:16Z,150462423,jmoliver,50971,18.3159809,-66.7720735,,Cueva del Arco,cave_entrance,,,,,,,,,,,,,,,,,,,,,,,,,,,,,,,,,,,,,,,,,,,,,,,,,,,,,,,,,,,,,,,,,,,,,,,,,,,,,,,,,,,,,,,,,,,,,,,,,,,,,,,,,,,,,
node,3292745497,2,2018-04-26T06:41:18Z,58432059,breno-au,859676,-35.6250572,148.6944501,CP14,Barbers Cave,cave_entrance,,,,,,,,,,,,,,,,,,,,,,,,,,,,,,,,,,,,,,,,,,,,,,,,,,,,,,,,,,,,,,http://helictite.caves.org.au/pdf4/06.02.Issue.Print.pdf,,,,,,,,,,,,,,,,,,,,,,,,,,,,,,,,,,,,,,,,,,,,,,,
node,3294134845,4,2026-01-13T07:17:40Z,177166107,Gina Banyard,7553380,20.5531829,102.6295286,Tham Phatok,Pha Tok Cave,cave_entrance,,,,,,,,,,yes,,,,,,,,,,,,,,,,,,,,,,,,,,,,,,,,,,,,,,,,,,,,,,,,,,,,,,,,,,,,,,20000 LAK,,,,,,,,,,,,,,,,,,,,,,,,,,,,,,,,,,,,,
node,3420452460,8,2017-03-06T07:26:11Z,46615121,agnostico,3084054,40.6399198,17.5020335,,Grotte di Montevicoli,cave_entrance,,,,,Q3777125,it:Grotte di Montevicoli,,,,yes,,,,,,,,,,,,,,,,,,,,,,,,,,,,,,,,,,,,,,,,,,,,,,,,,,,,,,,,,,,,,,,,,,,,,,,,,,,,,,,,,,,,,,,,,,,,,,,,,,,
node,3427512355,3,2018-03-08T07:21:57Z,56990048,Werewombat,1213011,42.0981425,-123.4073708,,,cave_entrance,,,,,,,,,,,,,,,,,,,,,,,,,,,,,,,,,,,,,,,,,,,,,,,,,,,,,,,,,,,,,,,,,,,,,,,,,,,,,,,,,,,,,,,,,,,,,,,,,,,,,,,,,,,,,
node,3440813505,7,2025-09-14T18:36:12Z,171930238,itineris,622084,46.1180621,18.1513457,Szuadó-völgyi 3. sz. barlang,Trió-barlang,cave_entrance,,,https://termeszetvedelem.hu/talalati-oldal/?type=orszagos-barlangnyilvantartas&id=4120-71,,,,4120-71,,,,58,,,,,,permit,,,,,,,,,,,,,3,megkülönböztetetten védett,,,,door,,,,,,yes,accessible with the permission of the National Park Directorate,NPI hozzájárulásával látogatható,,cave,exceptionally protected,,,,,,,,,,,,,,,,,,,,,,,,,,,,,,,https://orfu.hu/zold-ritmusban/kalandos-barlangturak/,,,,,,,,,,,,,Barlangtúra leírás a honlapon.,,,,,,,,,,,,,,,,,,,
node,3544073316,3,2023-09-09T03:39:32Z,141008571,sb9576,943785,-33.6414563,115.0348954,,Ngilgi Cave Entrance,cave_entrance,,,,no,,,,,,yes,,,,,,,customers,,,,,,,,,,,,,,,,,,,,,,,,,,,,,,,,,,,,,,,,,,,,,,,,,,,,,,,,,,,,,,,,,,,,,,,,,,,steps,Q14935882,en:Ngilgi Cave,,,,,,,,,,,,,,,
node,3570423898,1,2015-06-03T23:31:37Z,31705406,Conormap,2354,-24.0302633,43.7548225,,Malaza Manga,cave_entrance,,,,,,,,,,,,,,,,,,,,,,,,,,,,,,,,,,,,,,,,,,,,,,,,,,,,,,,,,,,,,,,,,,,,,,,,,,,,,,,,,,,,,,,,,,,,,,,,,,,,,,,,,,,,,
node,3570423899,1,2015-06-03T23:31:37Z,31705406,Conormap,2354,-24.0476935,43.7531438,,Mitoho,cave_entrance,,,,,,,,,,,,,,,,,,,,,,,,,,,,,,,,,,,,,,,,,,,,,,,,,,,,,,,,,,,,,,,,,,,,,,,,,,,,,,,,,,,,,,,,,,,,,,,,,,,,,,,,,,,,,
node,3657259352,5,2020-11-16T08:42:58Z,94189154,Trubalu,3336523,-34.2077549,22.089524,Point of Human Origins,Pinnacle Point 13B,cave_entrance,,,https://www.humanorigin.co.za,,Q1814354,en:Pinnacle Point,,18,"File:Pinnacle_Point_Archaeological_Site,_Mossel_Bay_South_Africa.jpg",,,,archaeological_site,,,,,,,,,,,,,,,,,,,,,,,,,,,,,,,,,,,,,,,,,,,yes,Heritage Western Cape,,,,,,,,,,,,,,,,,,,,,,,,,,,,,,,,,,,,,,Location approximate,,,,,,,,,,,,,,
node,3658668205,2,2018-07-12T03:22:14Z,60632368,steerage250,65357,-31.5476174,115.6906614,,Yonderup Cave,cave_entrance,,attraction,,,,,,,,,,,,,,,customers,,,,,,,,,,,,,,,,,,,,,,,,,,,,,,,,,,,,,,,,,,,,,,,,,,,,,,,,,,,,,,,,,,,,,,,,,,,,,,,,,,,,,,,,,,,,
node,3783268558,3,2018-02-13T07:07:44Z,56314970,Jean-Louis Stanus,116840,50.139343,5.2028759,,Chantoir de la Laide Fosse,cave_entrance,,,,,,,592-035z,267,,,,,,,,,private,,,,,,,,,,,,http://carto1.wallonie.be/fiches/?ctx=karst&srv=id&value=592-035z,,,,,,gate,,,,,,,,,,,,,,,,,,,,,,,,,,,,,,,,,,,,,,,,,,,,,,,,,,,,,,,,,,,,,,,,,,,,,,,,,,
node,3835819480,1,2015-11-14T14:45:23Z,35305407,zsolt d,2077889,33.808899,-105.201769,,Drill Hole,cave_entrance,,,,,,,,,,,,,,,,,,,,,,,,,,,,,,,,,,,,,,,,,,,,,,,,,,,,,,,,,,,,,,,,,,,,,,,,,,,,,,,,,,,,,,,,,,,,,,,,,,,,,,,,,,,,,
node,3887334792,3,2019-11-03T19:53:30Z,76561130,davidmguest,4221879,13.1853265,-59.5742209,,Harrison's Cave,cave_entrance,,,,,,,,,,,,,,,,,,,,,,,,,,,,,,,,,,,,,,,,,,,,,,,,,,,,,,,,,,,,,,,,,,,,,,,,,,,,,,,,,,,,,,,,,,,,,,,,Cave,,,,,,,,,,,,,
node,3905429443,4,2023-09-27T17:23:21Z,141830776,tg4567,12500589,37.6326277,-0.8207837,,Cueva Victoria,cave_entrance,,attraction,http://www.cuevavictoria.com/,,Q5794122,es:Cueva Victoria,,,Category:Cueva Victoria,,,palaeontological_site,archaeological_site,prehistoric,paleolithic,stone-age,,,,,,,,,,,,,PNOA,,,,,,,,,,,,,,,,,,,,,,,,,,,,,,,,,,,,,,,,,,,,,,,,,,,,,,,,,,,,,,,,,,,,,,,,,,,,,,,,
node,4018446140,1,2016-02-21T20:14:49Z,37354179,Ale_Zena_IT,22290,44.175376,8.1964061,,,cave_entrance,,,,,,,,,,,,,,,,,,,,,,,,,,,,,,,,,,,,,,,,,,,,,,,,,,,,,,,,,,,,,,,,,,,,,,,,,,,,,,,,,,,,,,,,,,,,,,,,,,,,,,,,,,,,,
node,4086768866,4,2019-05-06T23:54:30Z,69954526,5m4u9,72264,-18.1101386,-65.7753157,,Caverna ToroToro,cave_entrance,,attraction,,,,,,,,,,,,,,,,,,,,,,,,,,,,,,,,,,,,,,,,,,,,,,,,,,,,,,,,,,,,,,,,,,,,,,,,,,,,,,,,,,,,,,,,,,,,,,,,,,,,,,,,,,,
node,4100771303,1,2016-04-05T22:27:00Z,38333719,peregrination,486343,10.1419213,118.8685451,,Elephant Cave,cave_entrance,,attraction,,,,,,,,,,,,,,,,,,,,,,,,,,,,,,,,,,,,,,,,,,,,,,,,,,,,,,,,,,,,,,,,,,,,,,,,,,,,,,,,,,,,,,,,,,,,,,,,,,,,,,,,,,,
node,4153268605,3,2016-08-04T12:33:38Z,41236704,Aleks-Berlin,85218,-12.3277965,-41.6073166,,Gruta Lapa Doce Exit,cave_entrance,,attraction,,,,,,,,,,,,,,,,,,,,,,,,,,,,,,,,,,,,,,,,,,,,,,,,,,,,,,,,,,,,,,,,,,,,,,,,,,,,,,,,,,,,,,,,,,,,,,,,,,,,,,,,,,,
node,4153268606,1,2016-04-28T11:07:07Z,38946898,Dikig,739812,-12.3339123,-41.6047624,,Gruta Lapa Doce Entrance,cave_entrance,,attraction,,,,,,,,,,,,,,,,,,,,,,,,,,,,,,,,,,,,,,,,,,,,,,,,,,,,,,,,,,,,,,,,,,,,,,,,,,,,,,,,,,,,,,,,,,,,,,,,,,,,,,,,,,,
node,4153384278,2,2019-08-30T13:54:30Z,73924632,mrpulley,67896,-32.6221459,148.9396055,,Cathedral Cave,cave_entrance,,,,,,,,,,yes,,,,,,,private,,,,,,,,,,,,,,,,,,gate,,,,,,,,,,,,,,,,,,,,,,,,,,,,,,,,,,,,,,,,,,,,,,,,,,,,,,,,,,,,,,,,,,,,,,,,,,
node,4209573222,1,2016-05-26T18:48:03Z,39587942,Thoschi,324868,51.2604185,7.6503186,,Geßhardthöhle,cave_entrance,,,,,,,,,,,,,,,,,,,,,,,,,,,,,,,,,,,,,,,,,,,,,,,,,,,,,,,,,,,,,,,,,,,,,,,,,,,,,,,,,,,,,,,,,,,,,,,,,,,,,,,,,,,,,
node,4285191320,3,2021-01-14T13:26:16Z,97497973,BTH,481447,-8.5308192,120.4435024,,Liang Bua,cave_entrance,,,,,Q1822737,en:Liang Bua,,,,,,,,,,,yes,,,,,,,,,,,,,,,,,,,,,,,,,,,,,,,,,,,,,,,,,,,,,,,,,,,,,,,,,,,,,,,,,,,,,,,,,,,,,,,,~50,,,,,,,,,,,,
node,4306709100,2,2024-10-05T18:08:32Z,157512594,Mike Lehmann,127903,47.3109018,8.0411502,,Hügeliloch,cave_entrance,,,,,,,,,,no,,,,,,,,,,,,,,,,,,,,,,,,,,,,,,,,,,,,,,,,,,,,,,,,,,,,,,,,,,90,,,,,,,,,,,,,,,,,,,,,,,,,,,,,,,,,,,,,,,,,
node,4358968290,4,2025-12-30T07:28:14Z,176613413,CRCulver,340741,23.0820677,57.3543586,,كهف الهوتة,cave_entrance,,,,,Q2636101,en:Al Hoota Cave,,,"Category:Al-Hootah Cave, Al-Hamra'",,,,,,,,,,,,,,,,Al Hoota Cave,,كهف الهوتة,,,,,,,,,,,,,,,,,,,,,,,,,,,,,,,,,,,,,,,,,,,,,,,,,,,,,,,,,,,,,,,,,,,,,,,Al Hoota Cave,,,,,,,,,,,
node,4376800615,1,2016-08-31T06:07:16Z,41818789,MiMoHo,4115745,-8.0286285,110.6382419,,Goa Jomblang,cave_entrance,,,,,,,,,,,,,,,,,,,,,,,,,,,,,,,,,,,,,,,,,,,,,,,,,,,,,,,,,,,,,,,,,,,,,,,,,,,,,,,,,,,,,,,,,,,,,,,,,,,,,,,,,,,,,
node,4388840122,3,2017-03-12T14:07:05Z,46785750,sbiribizio,354284,46.0181626,11.5809973,,Grotta della Bigonda,cave_entrance,,,,,Q3777045,it:Grotta della Bigonda,,,,,,,,,,,,,,,,,,,,,,,,,,,,,,,,,,,,,,,,,,,,,,,,,,,,,,,,,,,,,,,,,,,,,,,,,,,,,,,,,,,,,,,,,,,,,,,,,,,,,,,
node,4480576512,2,2020-12-07T00:10:26Z,95385074,pizzaiolo,1772368,-41.9358976,171.4796209,,Metro Cave,cave_entrance,,,,,Q15253265,,,,,yes,,,,,,,permissive,,,,,,,,,,,,,,,,,,,,,,,,,,,,,,,,,,,,,,,,,,,,,,,,,,,,,,,,,,,,,,,,,,,,,,,,,,,,,,,,,,,,,,,,,,,,
node,4503846516,1,2016-11-16T08:08:16Z,43691665,katpatuka,17497,29.2289158,107.9033277,,,cave_entrance,,,,,Q5509697,zh:芙蓉洞,,,,,,,,,,,,,,,,,,,Furong Cave,,,,,,,,,,,,,,,,,,,,,,,Фужун,,,,,,,,,,,,,,,,,,,,,,,,,,,,,,,,,,,,,,,,,,,,,,,,,,,,,,,,,,,,,
node,4523782074,4,2023-12-19T15:22:58Z,145296414,tg4567,12500589,15.102175,78.1116692,,Belum Caves,cave_entrance,,,,,Q723862,en:Belum Caves,,,Category:Belum Caves,,,,,,,,,,,,,,,,,,,,,,,,,,,,,,,,,,,,,,,,,,,,,,,,,,,,,,,,,,,,,,,,,,,,,,,,,,,,,,,,,,,,,,,,,,,,,,,,,,,,
node,4557134896,2,2024-05-01T15:55:27Z,150757415,Claudio Tam,15807345,43.3997795,12.9614999,,Grotta Grande del Vento,cave_entrance,,,,,,,,383,,,,,,,,,,,,,,,,,,,,,,,,,,,,,,,,,,,,,,,,,,,,,,,,,,,,,,,,,,,,,,,,,,,,,,,,,,,,,,,,,,,,,,,,,,,,,,,,,,,,,
node,4705261283,1,2017-02-25T14:45:31Z,46394623,Juan Carlos Ocaña,4809266,22.3820247,-83.9740735,,Dos Anas,cave_entrance,,,,,,,,,,no,,,,,,,,,,,,,,,,+12027491273,,,,,,,,,,,,,,,,,,,,,,,,,,,,,,,,,,,,,,,,,,,,,,,,,,,,,,,,,,,,,,,,,,,,,,,,,,,,,,,,,,,
node,4771754221,2,2018-09-27T03:51:18Z,62963870,lcmortensen,341519,-38.2645727,175.073152,,Gardner's Gut,cave_entrance,,,,,Q5522564,,,,,,,,,,,,,,,,,,,,,,,,,,,,,,,,,,,,,,,,,,,,,,,,,,,,,,,,,,,,,,,,,,,,,,,,,,,,,,,,,,,,,,,,,,,,,,,,,,,,,,,,
node,4848050737,3,2019-02-04T21:47:24Z,66916103,Krubo,9034584,21.3871821,-98.9818697,,Cueva del Salitre,cave_entrance,,attraction,,,,,,,,,,,,,,,,,,,,,,,,,,,,,,,,,,,,,,,,,,,,,,,,,,,,,,,,,,,,,,,,,,,,,,,,,,,,,,,,,,,,,,,,,,,,,,,,,,,,,,,,,,,
node,4874702122,4,2023-08-08T06:11:59Z,139595280,d3mοl3k,14536542,40.5442916,39.4028933,,Karaca Mağarası,cave_entrance,,,,,Q4810702,tr:Karaca Mağarası,,,Category:Karaca Cave,yes,,,,,,,,,,,,,,,Karaca Cave,,,,,,,,,,,,,,,,,,,,,,,,,,,,,,,,,,,,,,,,,,,,,Cueva de Karaca,,,yes,,,,,,,,,,,,,,,,,,,,,,,,,,"Toplam uzunluğu 256 metre, girişe göre en derin noktası ise -15.5 metre olan Karaca Mağarası, az eğimli giriş dışında bütünüyle yatay bir mağaradır. Karaca mağarası birbirine bağlı 5 salondan meydana gelmiştir.",yes,,,,,,,,,
node,4917192240,2,2022-07-03T10:43:44Z,123146393,Sérgio Pinheiro,11433045,39.3086933,-9.2768932,,Gruta dos Bolhos - Gruta Casal da Lebre,cave_entrance,,,,,,,,,,,,,archaeological_site,,,,,,,,,,,,,,,,,,,,,,,,,,,,,,,,,,,,,,,,,,,,,,,,,,,,,,,,,,,,,,,,,,,,,,,,,,,,,,,,,,,,,,Precise location needs confirmation,,,,,,,,,,
node,4935677369,4,2025-11-03T13:20:27Z,174147506,simo_fi,18469761,44.1388691,10.2222107,,Buca della goccia,cave_entrance,,,,,,,,,,,,,,,,,,,,,,,,,,,,,Catasto Grotte - Federazione Speleologica Toscana,,,,,,,,,,,,,,,,,,,,,,,,,,,,,,,,,,,,,,,,,,,,,,,,,,,,,,,,,,,,,,,,,,,,,,,,TO0425,https://www.speleotoscana.it/scheda-catastale/?id=425,,,,,,,
node,4998330664,1,2017-07-27T19:28:37Z,50629500,AndreasE,111689,64.9114435,14.0560412,,Bjurälvsgrottan,cave_entrance,,,,,,,,,,,,,,,,,,,,,,,,,,,,,,,,,,,,,,,,,,,,,,,,,,,,,,,,,,,,,,,,,,,,,,,,,,,,,,,,,,,,,,,,,,,,,,,,,,,,,,,,,,,,,
node,5048285229,2,2020-08-12T14:10:07Z,89309233,Hervé TUC,922338,29.3439573,110.4341797,,,cave_entrance,,attraction,,,,,,,,,,,,,,,,,,,,,,,Cave,,,,,,,,,,,,,,,,,,,,,,,,,,,,,,,,,,,,,,,,,,,,,,,,,,,,,,,,,,,,,,,,,,,,,,,,,,,,,,,,,,,,
node,5058896537,2,2020-11-16T14:07:25Z,94207101,ff5722,3450290,29.9735391,109.5487943,,,cave_entrance,,,,,,,,,,,,,,,,,,,,,,,,,,,,,,,,,,,,,,,,,,,,,,,,,,,,,,,,,,,,,,,,,,,,,,,,,,,,,,,,,,,,,,,,,,,,,,,,,,,,,,,,,,,,,
node,5097880046,2,2023-09-06T17:18:35Z,140904736,servilius_ahala,944876,37.9596996,22.1398203,,Σπήλαιο Λιμνών,cave_entrance,,,,,Q16328676,en:Cave of the Lakes,,,,,,,,,,,,,,,,,,,,,,,,,,,,,,,,,,,,,,,,,,,,,,,,,,,,,,,,,,,,,,,,,,,,,,,,,,,,,,,,,,,,,,,,,,,,,,,,,,,,,,,
node,5204252292,1,2017-11-01T14:09:57Z,53425253,devot,2889303,45.6783125,0.4996774,,Grotte de Lavaud,cave_entrance,,,,,,,,,,,,,,,,,,,,,,,,,,,,,,,,,,,,,,,,,,,,,,,,,,,,,,,,,,,,,,,,,,,,,,,,,,,,,,,,,,,,,,,,,,,,,,,,,,,,,,,,,,,,,
node,5228393368,1,2017-11-14T15:09:31Z,53774034,ff5722,3450290,25.3444333,108.0493462,,,cave_entrance,,,,,,,,,,,,,,,,,,,,,,,,,,,,,,,,,,,,,,,,,,,,,,,,,,,,,,,,,,,,,,,,,,,,,,,,,,,,,,,,,,,,,,,,,,,,,,,,,,,,,,,,,,,,,
node,5382854703,3,2019-04-04T18:30:11Z,68894685,jabal2017,6757071,33.9433317,35.6468495,,Upper Grotto,cave_entrance,,,,,,,,,,,,,,,,,,,,,,,,,Upper cave,,,,,,,,,,,,,,,,,,,,,,,,,,,,,,,,,,,,,,,,,,,,,,,,,,,,,,,,,,,,,,,,,,,,,,,,,,,,,,,,,,,,
node,5438822822,1,2018-02-27T02:51:49Z,56707352,Esperanza36,83557,38.6082608,113.7401953,,,cave_entrance,,,,,,,,,,,,,,,,,,,,,,,,,,,,,,,,,,,,,,,,,,,,,,,,,,,,,,,,,,,,,,,,,,,,,,,,,,,,,,,,,,,,,,,,,,,,,,,,,,,,,,,,,,,,,
node,5459800715,1,2018-03-06T17:47:03Z,56942707,Jean-Louis Stanus,116840,50.1113014,5.1966213,,Grotte du Père Noël,cave_entrance,,,,,,,592-070a,,,,,,,,,,private,,,,,,,,,,,,,,,,,,gate,,,,,,,,,,,,,,,,,,,,,,,,,,,,,,,,,,,,,,,,,,,,,,,,,,,,,,,,,,,,,,,,,,,,2115,,,,,,
node,5501815824,1,2018-03-24T17:09:04Z,57491256,katpatuka,17497,26.8126987,105.1181655,,,cave_entrance,,,,,,,,,,,,,,,,,,,,,,,,,,,,,,,,,,,,,,,,,,,,,,,,,,,,,,,,,,,,,,,,,,,,,,,,,,,,,,,,,,,,,,,,,,,,,,,,,,,,,,,,,,,,,
node,5503469510,5,2024-10-30T10:26:03Z,158534346,J_Maps,19832885,39.7926183,2.9683618,,Coves de Campanet,cave_entrance,,,,,Q508889,ca:Coves de Campanet,,,,yes,,,,,,,yes,,,,,,,,,,,,,,,,,,door,,,,,,,,,,,,,,,,,,,,,,,,,,,,,,Coves de Campanet,,,,,,,"17 € Adult, 9 € child (4-12 years)",yes,,,,,,,,,,,,,,,,,,,,,,,,,,,yes,,,,,,,,,
node,5677995348,1,2018-06-09T14:53:47Z,59692771,Moreorless,289224,51.7201694,85.6504065,,Кек-Таш,cave_entrance,,,,,,,,,,,,,,,,,,,,,,,,,,,,,,,,,,,,,,,,,,,,,,,,,,,,,,,,,,,,,,,,,,,,,,,,,,,,,,,,,,,,,,,,,,,,,,,,,,,,,,,,,,,,,
node,5894264165,2,2019-08-08T04:47:39Z,73135417,Reza Babri,4845403,35.8422337,52.0020858,,غار گل زرد,cave_entrance,,,,,,fa:غار گل زرد,,,,,,,,,,,,,,,,,,,,,,,,,,,,,,,,,,,,,,,,,,,,,,,,,,,,,,,,,,,,,,,,,,,,,,,,,,,,,,,,,,,,,,,,,,,,,,,,,,,,,,,
node,5905508413,1,2018-09-14T02:40:12Z,62569988,stewe79,395487,10.7813207,-85.356571,,,cave_entrance,,,,,,,,,,,,,,,,,,,,,,,,,,,,,,,,,,,,,,,,,,,,,,,,,,,,,,,,,,,,,,,,,,,,,,,,,,,,,,,,,,,,,,,,,,,,,,,,,,,,,,,,,,,,,
node,5909253343,1,2018-09-16T06:35:47Z,62627613,tukangsampat,165040,-0.6793421,100.7794899,,Lubang Tambang Mbah Soero,cave_entrance,,,,,,,,,,yes,,,,,,,permit,,,,,,,,,,,,,,,,,,,,,,,,,,,,,,,,,,,,,,,,,,,,,,,,,,,,,,,,,,,,,,,,,,,,,,,,,,,,,,,,,,,,,,,,,,,,
node,5949505815,1,2018-10-02T18:59:31Z,63134550,Egas Moniz,3432157,43.4104324,-4.8061199,,La Vallina,cave_entrance,,,,,,,,,,no,,,,,,,yes,,,,,,,,,,,,,,,,,,,,,,,,,,,,,,,,,,,,,,,,,,,,,,,,,,,,,,,,,,,,,,,,,,,,,,,,,,,,,,,,,,,,,,,,,,,,
node,6050984397,2,2025-12-07T01:27:28Z,175606792,Kestas,96673,20.188353,-87.550564,,,cave_entrance,,attraction,,,,,,,,,,,,,,,,,,,,,,,Cenote Monkey Dust,,,,,,,,,,,,,,,,,,,,,,,,,,,,,,,,,,,,,,,,,,,,,,,,,,,,,,,,,,,,,,,,,,,,,,,,,,,,,,,,,,,,
node,6176987555,1,2019-01-01T17:58:46Z,65938667,Turbodent,2526304,-12.3320551,-41.5967163,,Gruta da Fumaça,cave_entrance,,,,,,,,,,,,,,,,,,,,,,,,,,,,,,,,,,,,,,,,,,,,,,,,,,,,,,,,,,,,,,,,,,,,,,,,,,,,,,,,,,,,,,,,,,,,,,,,,,,,,,,,,,,,,
node,6632690571,1,2019-07-20T05:11:17Z,72451555,kartonage,1497225,-19.7530598,63.3705474,,La Grande Caverne,cave_entrance,,attraction,,,,,,,,,,,,,,,,,,,,,,,,,,,,,,,,,,,,,,,,,,,,,,,,,,,,,,,,,,,,,,,,,,,,,,,,,,,,,,,,,,,,,,,,,,,,,,,,,,,,,,,,,,,
node,6640740634,3,2021-07-27T12:12:15Z,108688854,ColleSantaLuciaDolomiti,2593404,46.4575424,12.013573,,Miniere del Fursil /Ru,cave_entrance,,,,,,,,,,,,,,,,,,,,,,,,,,,,,,,,,,,,,,,,,,,,,,,,,,,,,,,,,,,,,,,,,,,,,,,,,,,,,,,,,,,,,,,,,,,,,,,,,,,,,,,,,,,,,
node,6957595702,3,2024-10-05T19:34:16Z,157515220,gurglypipe,161022,54.1656583,-2.4413268,,White Scar Cave,cave_entrance,,,,,,,,,,,,,,,,,,,,,,,,,,,,,,,,,,,,,,,,,,,,,,,,,,,,,,,,,,,,,,,,,,,,,,,,,,,,,,,,,,,,,,,,,,,,,,,,,,,,,,,,,,,,,
node,6975770077,2,2019-11-14T12:41:35Z,77073059,katpatuka,17497,24.9029348,104.0879847,,,cave_entrance,,,,,,,,,,,,,,,,,,,,,,,,,,,,,,,,,,,,,,,,,,,,,,,,,,,,,,,,,,,,,,,,,,,,,,,,,,,,,,,,,,,,,,,,,,,,,,,,,,,,,,,,,,,,,
node,6986158611,1,2019-11-18T03:22:33Z,77205162,Vitor Choi,3293164,-13.7350757,-46.3585846,,Terra Ronca,cave_entrance,,,,,,,,,,no,,,,,,,yes,,,,,,,,,,,,,,,,,,,,,,,,,,,,,,,,,,,,,,,,,,,,,,,,,,,,,,,,,,,,,,,,,,,,,,,,,,,,,,,,,,,,,,,,,,,,
node,6989696617,1,2019-11-19T12:30:04Z,77274475,ff5722,3450290,27.7013404,105.5113649,,,cave_entrance,,,,,,,,,,,,,,,,,,,,,,,,,,,,,,,,,,,,,,,,,,,,,,,,,,,,,,,,,,,,,,,,,,,,,,,,,,,,,,,,,,,,,,,,,,,,,,,,,,,,,,,,,,,,,
node,7008567688,4,2022-09-14T22:50:05Z,126199966,ivanbranco,11220113,44.2568399,15.5373289,,Špilja Modrič,cave_entrance,,attraction,,,Q113980107,,,29,,,,,,,,,customers,,,,,,marijan@zara-adventure.hr,,Modrič Cave,+38 598348437,,Grotte Modrič,,,,,,,,,,,required,,,,,,,,Höhle Modrič,,,,,,,,,,,,,,,,,,,,,,,,,,,,,,https://natura-jadera.com/prirodne-vrijednosti/spomenici-prirode/spilja-modric/,,,,,,,,,,,,,,,,,,,,,,,,,,,Špilja Modrič,Grotta Modrič,Zara Adventure Agency,,,
node,7016608685,3,2023-01-30T19:08:02Z,131893506,LockOnGuy,15559282,35.8735972,45.1694993,,كهف سركلو,cave_entrance,,,,,,,,,,,,,,,,,,,,,,,,,Bahayi's Pilgrim cave,,كهف سركلو,,,,,,,,,,,,,,,,,,,,,,,,,,,,,,,,,,,,,,,,,,,,,,,,,,,,,,,,,,,,,,,,,,,,,,,,,,,,,,,,,,
node,7161046616,4,2025-11-12T15:21:16Z,174564900,DerFussi,37252,8.3379285,98.7455986,,Tham Klang,cave_entrance,,attraction,,,Q136768099,,,,,,,,,,,,,,,,,,,,Klang cave,,,,,,,,,,,,,,,,,,,,,,,,,,,,,,,,,,,,,,,,,,,,,,,,,,,,,,,,,,,,,,,,,,,,,,,,,,,,,,,,,,,,
node,7192265387,1,2020-02-07T01:51:36Z,80666060,Δημήτρης Μπαλτουμάς,8817635,36.9355612,21.7460175,,,cave_entrance,,,,,,,,,,,,,,,,,,,,,,,,,,,,,,,,,,,,,,,,,,,,,,,,,,,,,,,,,,,,,,,,,,,,,,,,,,,,,,,,,,,,,,,,,,,,,,,,,,,,,,,,,,,,,
node,7206231475,1,2020-02-12T14:51:44Z,80911376,Terramoto,1912536,37.1053695,-7.7745216,,,cave_entrance,,,,,,,,,,,,,,,,,,,,,,,,,,,,,,,,,,,,,,,,,,,,,,,,,,,,,,,,,,,,,,,,,,,,,,,,,,,,,,,,,,,,,,,,,,,,,,,,,,,,,,,,,,,,,
node,7315412515,2,2020-07-03T17:22:18Z,87513095,Hannes Röst,289221,46.7800121,8.288769,,Schrattenhöhle,cave_entrance,,,,,Q15059884,,,,,,,,,,,,,,,,,,,,,,,,,,,,,,,,,,,,,,,,,,,,,,,,,,,,,,,,,,,,,,,,,,,,,,,,,,,,,,,,,,,,,,,,,,,,,,,,,,,,,,,,
node,7318685910,3,2025-03-04T10:10:47Z,163194644,LakatosVL,8775772,-10.1625251,-40.8597012,,Toca da Boa Vista,cave_entrance,,,,,Q624844,pt:Toca da Boa Vista,,,,,,,,,,,,,,,,,,,,,,,,,,,,,,,,,,,,,,,,,,,,,,,,,,,,,,,,,,,,,,,,,,,,,,,,,,,,,,,,,,,,,,,,,,,,,,,,,,,,,,,
node,7327265062,1,2020-03-25T04:39:22Z,82597079,thumbsup,6508691,35.279795,33.4357183,,,cave_entrance,,,,,,,,,,,,,,,,,,,,,,,,,,,,,,,,,,,,,,,,,,,,,,,,,,,,,,,,,,,,,,,,,,,,,,,,,,,,,,,,,,,,,,,,,,"hole, warm air coming out, very deep",,,,,,,,,,,,,,,,,,,
node,7412451779,3,2023-07-01T12:01:52Z,137989792,Hugoren Martinako,3392826,42.9869025,-4.3730693,,Cueva del Cobre,cave_entrance,,,,,Q5794252,es:Cueva del Cobre,,,,,,,,,,,,,,,,,,,,,,,,,,,,,,,,,,,,,,,,,,,,,,,,,,,,,,,,,,,,,,,,,,,,,,,,,,,,,,,,,,,,,,,,,,,,,,,,,,,,,,,
node,7415334685,4,2021-02-09T19:43:54Z,98997231,Grinbert 🙂,11337276,49.6740184,10.9989178,,Blaubeerhöhle,cave_entrance,,,,,,,,,,,,,,,,,,,,,,,,,,,,,,,,,,,,,,,,,,,,,,,,,,,,,,,,,,,,,,,,,,,,,,,,,,,,,,,,,,,,,,,,,,,,,,,,,,,,,,,,,,,,,
node,7713740998,1,2020-07-14T12:22:50Z,87977742,devot,2889303,-5.9268353,-77.351782,,Cueva de Palestina,cave_entrance,,,,,,,,,,,,,,,,,,,,,,,,,,,,,,,,,,,,,,,,,,,,,,,,,,,,,,,,,,,,,,,,,,,,,,,,,,,,,,,,,,,,,,,,,,,,,,,,,,,,,,,,,,,,,
node,7713840588,1,2020-07-14T13:10:33Z,87979974,devot,2889303,-5.7532406,-77.525792,,Cueva del Diamante,cave_entrance,,,,,,,,,,,,,,,,,,,,,,,,,,,,,,,,,,,,,,,,,,,,,,,,,,,,,,,,,,,,,,,,,,,,,,,,,,,,,,,,,,,,,,,,,,,,,,,,,,,,,,,,,,,,,
node,7713923814,1,2020-07-14T13:50:07Z,87981797,devot,2889303,-5.9713033,-77.3168539,,Cueva del Viento,cave_entrance,,,,,,,,,,,,,,,,,,,,,,,,,,,,,,,,,,,,,,,,,,,,,,,,,,,,,,,,,,,,,,,,,,,,,,,,,,,,,,,,,,,,,,,,,,,,,,,,,,,,,,,,,,,,,
node,7743122549,5,2025-01-10T06:35:14Z,161193114,andrew_dc,1833351,-38.2681577,175.0783694,,Ruakuri Cave,cave_entrance,,,,,Q25183325,,,,,,,,,,,,,,,,Ruakurī,39026,,,,,,,LINZ,,,,,,,,,,,,,,,,,,,,,,,,,,,,,,,,,,,,,,,,,,,,,,,,,,,,,,,,,,,,,,,,,,,,,,,,,,,,,,AW Reed,,
node,7746558018,5,2025-11-08T13:17:26Z,174375844,SomeoneElse_Revert,1778799,45.0241883,21.7748101,,Peștera Lenuța,cave_entrance,,,,,,,,,,,,,,,,,,,,,,,,,,,,,,,,,,,,,,,,,,,,,,,,,,,,,,,,,,,,,,,,,,,,,,,,,,,,,,,,,,,,,,,,,,,,,,,,,,,,,,,,,,,,,
node,7807817048,1,2020-08-12T21:09:37Z,89322572,devot,2889303,-5.701484,-77.9012966,,Cueva del Rio Shatuca,cave_entrance,,,,,,,,,,,,,,,,,,,,,,,,,,,,,,,,,,,,,,,,,,,,,,,,,,,,,,,,,,,,,,,,,,,,,,,,,,,,,,,,,,,,,,,,,,,,,,,,,,,,,,,,,,,,,
node,7885338123,3,2024-10-02T02:39:20Z,157362038,Kovirii,6836690,33.5068345,-105.493465,,Fort Stanton Cave,cave_entrance,,,,,,,,,,,,,,,,,permit,,,,,,,,,,,,,,,,,,,,,,,,,,,,,,,,,,,,,,,,,,,,,,,,,,,,,,,,,,,,,,,,,,,,,,,,,,,,,,,,,,National Natural Landmark in the Fort Stanton - Snowy River Cave National Conservation Area managed by the U.S. Bureau of Land Management,,,,,,,BLM,,,
node,8177727382,1,2020-11-30T00:05:39Z,95005800,lizzyd710,11896050,36.7942258,-115.5693588,,Pintwater Cave,cave_entrance,,,,,,,,,,,,,,,,,,,,,,,,,,,,,,,,,,,,,,,,,,,,,,,,,,,,,,,,,,,,,,,,,,,,,,,,,,,,,,,,,,,,,,,,,,,,,,,,,,,,,,,,,,,,,
node,8349784316,1,2021-01-22T16:59:31Z,97987812,Moldy_Rats,10764284,37.7095038,-92.0659263,,Miller Cave,cave_entrance,,,,,,,,,,,,,,,,,,,,,,,,,,,,,,,,,,,,,,,,,,,,,,,,,,,,,,,,,,,,,,,,,,,,,,,,,,,,,,,,,,,,,,,,,,,,,,,,,,,,,,,,,,,,,
node,8354378120,1,2021-01-23T11:16:08Z,98015550,ff5722,3450290,33.3300128,105.0050229,,万象洞,cave_entrance,,,,,,,,,,,,,,,,,,,,,,,,,Wanxiang Cave,,,,,,,,,,,,,,,,,,,,,,,,,,,,,,,,,,,,,,,,,,,,,,,,,,,,,,,,,,,,,,,,,,,,,,,,,,,,,,,,,,,,
node,8358838507,1,2021-01-24T22:23:40Z,98077152,Männedorf,105050,1.2813451,29.840818,,Matupi,cave_entrance,,,,,,,,1200,,,,,,,,,,,,,,,,,,,,,,,,,,,,,,,,,,,,,,,,,,,,,,,,,,,,,,,,,,,,,,,,,,,,,,,,,,,,,,,,,,,,,,,,,,,,,,,,,,,,,
node,8422630011,4,2025-02-06T17:42:01Z,162217335,kdkeller,43207,38.1665995,13.1603094,,Grotta di Carburangeli,cave_entrance,,,,,Q33323877,it:Riserva naturale integrale Grotta di Carburangeli,,23 slm,,no,,,,,,,permit,,,,,,,,,,,,,,,,,,,,,,,,,,,,,,,,,,,,,,,,,,,,,,,,,,,,,,,,,,,,,,,,,,,,,,,,,,,,,,,,,,,,,,,,,,,,
node,8755803759,3,2022-08-14T21:04:41Z,124903614,dafadllyn,7494825,39.2895186,8.4894513,,Grotta Santa Barbara,cave_entrance,,,,,,,,,,,,,,,,,,,,,,,,,,,,,,,,,,,,,,,,,,,,,,,,,,,,,,,,,,,,,,,,,,,,,,,,,,,,,,,,,,,,,,,,,,,,,,,,,,,,,,,,,,,,,
node,8944365518,4,2025-09-19T15:50:07Z,172170295,rheins,2996489,31.0732882,109.9335114,,,cave_entrance,,,,,,,,,,,,,,,,,,,,,,,,,,,,,,,,,,,,,,,,,,,,,,,,,,,,,,,,,,,,,,,,,,,,,,,,,,,,,,,,,,,,,,,,,,,,,,,,,,,,,,,,,,,,,
node,8972797679,3,2023-12-04T18:04:21Z,144764941,tg4567,12500589,17.4393057,-99.1594371,,Grutas de Juxtlahuaca,cave_entrance,,,,,Q974552,es:Grutas de Juxtlahuaca,,,Category:Juxtlahuaca,,,,,,,,guided,,,,,,,,,,,,,,,,,,,,,,,,,,,,,,,,,,,,,,,,,,,,,,,,,,,,,,,,,,,,,,,,,,,,,,,,,"Visita sólo permitida con guía, puede contratarse en el pueblo de Colotlipa.",,,,,,,,,,,,,,,,,,,
node,9006583904,1,2021-08-14T12:53:14Z,109669323,rheins,2996489,30.7495951,109.4691145,,,cave_entrance,,,,,,,,,,,,,,,,,,,,,,,,,,,,,,,,,,,,,,,,,,,,,,,,,,,,,,,,,,,,,,,,,,,,,,,,,,,,,,,,,,,,,,,,,,,,,,,,,,,,,,,,,,,,,
node,9007272454,3,2025-11-08T13:16:44Z,174375844,SomeoneElse_Revert,1778799,46.5316481,22.5943521,,Peștera Măgura,cave_entrance,,,,,,,,,,,,,,,,,,,,,,,,,,,,,note,,,,,,,,,,,,,,,,,,,,,,,,,,,,,,,,,,,,,,,,,,,,,,,,,,,,,,,,,,,,,,,,,,,,,,,,,,,,,,,,
node,9054470052,4,2025-11-08T13:24:27Z,174376209,SomeoneElse_Revert,1778799,44.8792914,22.6099634,,PESTERA CURECEA,cave_entrance,,,,,,,,,,,,,,,,,,,,,,,,,,,,,,,,,,,,,,,,,,,,,,,,,,,,,,,,,,,,,,,,,,,,,,,,,,,,,,,,,,,,,,,,,,,,,,,,,,,,,,,,,,,,,
node,9098145258,1,2021-09-16T14:46:43Z,111295495,rheins,2996489,25.0690681,103.3804266,,,cave_entrance,,,,,,,,,,,,,,,,,,,,,,,,,,,,,,,,,,,,,,,,,,,,,,,,,,,,,,,,,,,,,,,,,,,,,,,,,,,,,,,,,,,,,,,,,,,,,,,,,,,,,,,,,,,,,
node,9186866184,1,2021-10-20T11:11:09Z,112739128,Aka_Bob,415497,38.3801461,67.2396794,,пещера Вьюнок,cave_entrance,,,,,,,,,,,,,,,,,,,,,,,,,,,,,https://speleoatlas.ru/caves/vyunok-12442/,,,,,,,,,,,,,,,,,,,пещера Вьюнок,,,,,,,,,,,,,,,,,,,,,,,,,,,,,,,,,,,,,,,,,,"Длина, м: 470
Амплитуда, м: 35
Категория сложности:
Тип маршрута:
Генезис: Карстовый
Вмещающие породы: Карбонатные, Известняк
Геологический возраст вмещающих пород: J Юра",,,,,,,,,,,,,,,,,,,
node,9247925660,2,2021-11-13T15:43:04Z,113735112,马陵秋月,9073438,34.1969106,118.3383901,,藏兵洞（西洞口）,cave_entrance,,,,,,,,,,,,,,,,,,,,,,,,,,,,,,,,,,,,,,,,,,,,,,,,,,,,,,,,,,,,,,,,,,,,,,,,,,,,,,,,,,,,,,,,,,,,,,,,,,,,,,,,,,,,,
node,9249065418,3,2024-02-09T09:10:56Z,147247562,tg4567,12500589,41.4468862,31.9640002,,Sofular Cave,cave_entrance,,,,,Q24915648,en:Sofular Cave,,,,,,,,,,,,,,,,,,,,,,,,,,,,,,,,,,,,,,,,,,,,,,,,,,,,,,,,,,,,,,,,,,,,,,,,,,,,,,,,,,,,,,,,,,,,,,,,,,,,,,,
node,9693174633,1,2022-04-25T18:30:07Z,120178853,CharliePlett,4751364,16.6467663,-89.076747,,Kabal Cave,cave_entrance,,,,,,,,,,,,,,,,,,,,,,,,,,,,,,,,,,,,,,,,,,,,,,,,,,,,,,,,,,,,,,,,,,,,,,,,,,,,,,,,,,,,,,,,,,,,,,,,,,,,,,,,,,,,,
node,9753722102,4,2025-11-16T22:26:26Z,174748315,VerneJules,22306302,12.5876973,54.3544798,,Hoq Cave,cave_entrance,,attraction,,,Q107288451,es:Cueva de Hoq,,,,no,,,archaeological_site,,,,yes,,,,,,,,Hoq Cave,,كهف الحق,Grotte de Hoq,,,,,,,,,,,,,,,,,,,,,,,,,,,,,,,,,,,,,,,,,,Cueva de Hoq,,,,,,,,,,,,,,,,,,,,,,,,,,,,,,,,,,,Grotta di Hoq,,,,
node,9801979591,2,2022-10-30T15:06:29Z,128250851,i_d_,461308,37.8537611,66.7344844,,Zarautsay Cave,cave_entrance,,,,,,,,1260,,,,,,,,,permit,,,,,,,,,,,,survey,,,,,,,,,,,,,,,,,,,,,,,,,,,,,,,,,,,,,,,,,,,,,,,,,,,,,,,,,,,,,,,,,,is fixed,,,,,,,,,,,,,,
node,9858176658,3,2026-01-15T14:26:08Z,177261424,Xvtn,14249378,42.0874057,-111.5187995,,Minnetonka Cave,cave_entrance,,,,,,,,,,yes,,,,,,,permit,,,,,,,,,,,,,,,,,,,,,,,,,,,,,,,,,,,,,,,,,,,,,,,,,,,,,,,,,,,,,,,,,,,,,,,,,"A large limestone cave through which guided tours are offered. Lighting, walkways, and many stairs have been installed in the cave.",,,,,,,,,,,,,,,,,,,
node,9887908804,1,2022-07-14T17:52:00Z,123619839,rheins,2996489,31.7201832,110.4587437,,野人洞,cave_entrance,,,,,,,,,,,,,,,,,,,,,,,,,Wild Men Cave,,,,,,,,,,,,,,,,,,,,,,,,,,,,,,,,,,,,,,,,,,,,,,,,,,,,,,,,,,,,,,,,,,,,,,,,,,,,,,,,,,,,
node,9908902505,2,2022-08-03T23:27:48Z,124456228,floverow,541675,29.3769162,107.7337823,,虎穴探险,cave_entrance,,,,,,,,,,yes,,,,,,,customers,,,,,,,,,,,,,,,,,,,,,,,,,,,,,,,,,,,,,,,,,,,,,,,,,,,,,,,,,,,,,,,,,,,,,,,,,,,,,,,,,,,,,,,,,,,,
node,9913438479,2,2022-11-30T12:10:34Z,129559289,IknowJoseph,30587,37.7181564,-80.4362982,,Organ Cave,cave_entrance,,attraction,,,Q7101750,,,,,,,,,,,,,,,,,,,,,,,,,,,,,,,,,,,,,,,,,,,,,,,,,,,,,,,,,,,,,,,,,,,,,,,,,,,,,,,,,,,,,,,,,,,,,,,,,,,,,,,,
node,9927050233,1,2022-08-02T12:59:37Z,124391427,hikerake,16028222,39.6949844,115.6497648,,泄水洞,cave_entrance,,,,,,,,,,,,,,,,,,,,,,,,,,,,,,,,,,,,,,,,,,,,,,,,,,,,,,,,,,,,,,,,,,,,,,,,,,,,,,,,,,,,,,,,,,,,,,,,,,,,,,,,,,,,,
node,9958994170,1,2022-08-17T10:48:53Z,125011647,GiuliaL,14961796,46.1470523,11.0482688,,Grotta Cesare Battisti,cave_entrance,,,,,,,,,,,,,,,,,,,,,,,,,,,,,,,,,,,,,,,,,,,,,,,,,,,,,,,,,,,,,,,,,,,,,,,,,,,,,,,,,,,,,,,,,,,,,,,,,,,,,,,,,,,,,
node,10084842668,2,2022-10-28T11:46:44Z,128171642,mataharimau,17227421,4.064987,114.8313868,,Clearwater Resurgence,cave_entrance,,,,,,,,,,,,,,,,,,,,,,,,,,,,,,,,,,,,,,,,,,,,,,,,,,,,,,,,,,,,,,,,,,,,,,,,,,,,,,,,,,,,,,,,,,Main exit for underground Clearwater River,,,,,,,,,,,,,,,,,,,
node,10110882090,2,2022-11-17T21:22:02Z,129060450,seetag,7104482,34.8230554,-86.069563,,Tumbling Rock Cave,cave_entrance,,,https://www.saveyourcaves.org/preserve?rowid=tumbling-rock-cave-preserve,,,,,,,no,,,,,,,permit,,,,,,,,,,,,,,,,,,,,,,,,,,,,,,,,,,,,,,,,,,,,,,,,,,,,,,,,,,,,,,,,,,,,,,,,,,,,,,,,,,,,,,,,,,,,
node,10135300283,2,2022-10-28T15:42:57Z,128181038,mataharimau,17227421,4.0980925,114.8538637,,Gua Metrik,cave_entrance,,,,,,,,,,,,,,,,,,,,,,,,,Metric Cave,,,,,,,,,,,,,,,,,,,,,,,,,,,,,,,,,,,,,,,,,,,,,,,,,,,,,,,,,,,,,,,,,,,,,,,,,,,,,,,,,,,,
node,10135300285,2,2022-10-28T15:42:57Z,128181038,mataharimau,17227421,4.1221328,114.8719954,,Whiterock Cave (Midnight Entrance),cave_entrance,,,,,,,,,,,,,,,,,,,,,,,,,,,,,,,,,,,,,,,,,,,,,,,,,,,,,,,,,,,,,,,,,,,,,,,,,,,,,,,,,,,,,,,,,,Middle level entrance to Whiterock Cave system,,,,,,,,,,,,,,,,,,,
node,10135316701,1,2022-10-28T11:46:44Z,128171642,mataharimau,17227421,4.0193263,114.8081589,,,cave_entrance,,,,,,,,,,,,,,,,,,,,,,,,,Fruit Bat Cave,,,,,,,,,,,,,,,,,,,,,,,,,,,,,,,,,,,,,,,,,,,,,,,,,,,,,,,,,,,,,,,,,,,,,,,,,,,,,,,,,,,,
node,10302261247,1,2023-01-03T11:31:39Z,130822262,steve91,637652,-17.4309075,125.0004888,Tangalma Cave,Carpenter's Gap 1,cave_entrance,,,,,,,,,,,,,,,,,,,,,,,,,,,,,,,,,,,,,,,,,,,,,,,,,,,,,,,,,,,,,,,,,,,,,,,,,,,,,,,,,,,,,,,,,,,,,,,,,,,,,,,,,,,,,
node,10676966439,2,2023-04-04T10:36:07Z,134489389,sempreingiro666,17974649,30.6083068,-9.4794747,,,cave_entrance,,,,,,,,,,,,,,,,,,,,,,,,,,,,,,,,,,,,,,,,,,,,,,,,,,,,,,,,,,,,,,,,,,,,,,,,,,,,,,,,,,,,,,,,,,,,,,,,,,,,,,,,,,,,,
node,10768872262,1,2023-03-28T14:26:06Z,134223247,Petr Jenč,15169703,35.7269317,9.6847701,,,cave_entrance,,,,,,,,,,,,,,,,,,,,,,,,,,,,,,,,,,,,,,,,,,,,,,,,,,,,,,,,,,,,,,,,,,,,,,,,,,,,,,,,,,,,,,,,,,,,,,,,,,,,,,,,,,,,,
node,10773895664,2,2023-03-30T18:12:23Z,134315492,DunbarLoop,2032374,-46.0184811,167.7405524,Clifden Caves,Clifden Caves - Lower Entrance,cave_entrance,,attraction,https://www.doc.govt.nz/parks-and-recreation/places-to-go/southland/places/clifden-area/?tab-id=Caving,,Q5132503,en:Clifden Limestone Caves,,,,no,,,,,,,yes,,,,,,,,,,,,,,,,,,,,,,,,,,,,,,,,,,,,,,,,,,,,,,,,,,,,,,,,,,,,,,,,,,,,,,,,,,,,,,,,,,,,,,,,,Department of Conservation,,,
node,10903529963,1,2023-05-16T21:25:38Z,136186820,miguelslmn,10224423,42.947621,-5.118764,,Cueva de la Cabrera,cave_entrance,,,,,,,,,,,,,,,,,,,,,,,,,,,,,,,,,,,,,,,,,,,,,,,,,,,,,,,,,,,,,,,,,,,,,,,,,,,,,,,,,,,,,,,,,,,,,,,,,,,,,,,,,,,,,
node,10905682924,4,2025-11-03T13:20:27Z,174147506,simo_fi,18469761,44.0937497,10.182508,Buca sopra a Forno,Buca della Renella,cave_entrance,,,,,,,,,,,,,,,,,,,,,,,,,,,,,Catasto Grotte - Federazione Speleologica Toscana,,,,,,,,,,,,,,,,,,,,,,,,,,,,,,,,,,,,,,,,,,,,,,,,,,,,,,,,,,,,,,,,,,,,,,,,TO0272,https://www.speleotoscana.it/scheda-catastale/?id=272,,,,,,,
node,10926006942,1,2023-05-25T09:22:46Z,136534647,Brice64,846358,42.5319432,0.0444207,,Manatuero,cave_entrance,,,,,,,,,,,,,,,,,,,,,,,,,,,,,,,,,,,,,,,,,,,,,,,,,,,,,,,,,,,,,,,,,,,,,,,,,,,,,,,,,,,,,,,,,,,,,,,,,,,,,,,,,,,,,
node,10969878099,1,2023-06-11T22:24:17Z,137221480,jabal2017,6757071,34.3919311,36.0178184,,Zahlan Grotto,cave_entrance,,,,,,,,,,,,,,,,,,,,,,,,,Zahlan Grotto,,,,,,,,,,,,,,,,,,,,,,,,,,,,,,,,,,,,,,,,,,,,,,,,,,,,,,,,,,,,,,,,,,,,,,,,,,,,,,,,,,,,
node,11135158274,1,2023-08-21T23:30:53Z,140203800,pcabrerap,11902975,15.255954,-90.2630071,,Cueva de Chicoy,cave_entrance,,,,,,,,,,,,,,,,,,,,,,,,,,,,,,,,,,,,,,,,,,,,,,,,,,,,,,,,,,,,,,,,,,,,,,,,,,,,,,,,,,,,,,,,,,,,,,,,,,,,,,,,,,,,,
node,11268539252,1,2023-10-17T05:56:32Z,142694751,Gaurav Parajuli,8316170,28.3807889,82.0086898,,सिद्ध गुफा,cave_entrance,,,,,,,,,,,,,,,,,,,,,,,,,Siddha Gufa,,,,,,,,,,,,,,,,,,,,,,,,,,,,,,,,,,,,,,,,,,,,,,,,,,,,,,,,,,,,,,,,,,,,,,,,,,,,,,,,,,,सिद्ध गुफा,
node,11298621603,1,2023-10-29T20:06:14Z,143329489,ansuta,3188422,42.7336414,-0.2735926,,Cueva del Onso,cave_entrance,,,,,,,,,,,,,,,,,,,,,,,,,,,,,,,,,,,,,,,,,,,,,,,,,,,,,,,,,,,,,,,,,,,,,,,,,,,,,,,,,,,,,,,,,,,,,,,,,,,,,,,,,,,,,
node,11300105382,1,2023-10-30T14:39:37Z,143369936,Amit Tiwary,10215063,30.7902977,77.7769496,Biyar Udiyar,Gorcha cave,cave_entrance,,,,,,,,2310,,,,,,,,,,,,,,,,,,,,,,,,,,,,,,,,,,,,,,,,,,,,,,,,,,,,,,,,,,,,,,,,,,,,,,,,,,,,,,,,,,,,,,,,,,,,,,,,,,,,,
node,11423443988,1,2023-12-16T20:19:43Z,145196282,Luen Warneke,8780315,-42.131061,171.4069688,,,cave_entrance,,,,,,,,,,,,,,,,,,,,,,,,,,,,,,,,,,,,,,,,,,,,,,,,,,,,,,,,,,,,,,,,,,,,,,,,,,,,,,,,,,,,,,,,,,,,,,,,,,,,,,,,,,,,,
node,11443521790,1,2023-12-22T14:34:11Z,145409123,Swangsily,20663487,22.966387,104.8117351,,曼棍洞,cave_entrance,,,,,,,,,,,,,,,,,,,,,,,,,,,,,,,,,,,,,,,,,,,,,,,,,,,,,,,,,,,,,,,,,,,,,,,,,,,,,,,,,,,,,,,,,,,,,,,,,,,,,,,,,,,,,
node,11478460514,1,2024-01-02T10:00:49Z,145791007,devot,2889303,-11.2456762,-75.794683,,Sima de Racas Marca,cave_entrance,,,,,,,,,,,,,,,,,,,,,,,,,,,,,,,,,,,,,,,,,,,,,,,,,,,,,,,,,,,,,,,,,,,,,,,,,,,,,,,,,,,,,,,,,,,,,,,,,,,,,,,,,,,,,
node,11520700149,1,2024-01-16T03:20:17Z,146305275,CharliePlett,4751364,16.9728752,-88.9995064,,Closing Jaw Cave,cave_entrance,,,,,,,,,,no,,,,,,,,,,,,,,,,,,,,,,,,,,,,,,,,,,,,,,,,,,,,,,,,,,,,,,,,,,,,,,,,,,,,,,,,,,,,,,,,,,,,,,,,,Cave and trail need to be verified,,,,,,,,,,
node,11687476904,1,2024-03-03T10:31:18Z,148159947,RAMÓN ESPELEO,21021623,39.5145813,3.3059456,,cova de sa balma des cuartó,cave_entrance,,,,,,,,,,,,,,,,,,,,,,,,,,,,,,,,,,,,,,,,,,,,,,,,,,,,,,,,,,,,,,,,,,,,,,,,,,,,,,,,,,,,,,,,,,,,,,,,,,,,,,,,,,,,,
node,11737465821,3,2025-06-12T08:35:14Z,167522920,YaronS,61477,32.7145854,34.9741241,,Oren,cave_entrance,,,,,Q26766939,,,,,no,,,,,,,yes,,,,,,,,,,,,,,,,,,,,,,,,,,,,,,,,,,,,,,,,,,,,,,,,,,,,,,,,,,,,,,,,,,,,,,,,,,,,,,,,,,,,,,,,,,,,מערת אורן
node,11876346537,1,2024-05-03T12:05:57Z,150834083,Sörbäckens FVO,12466827,65.8959048,14.6601841,,Schaktgrottan,cave_entrance,,,,,,,,,,,,,,,,,,,,,,,,,,,,,,,,,,,,,,,,,,,,,,,,,,,,,,,,,,,,,,,,,,,,,,,,,,,,,,,,,,,,,,,,,,,,,,,,,,,,,,,,,,,,,
node,11876859066,1,2024-05-03T16:18:16Z,150845786,AntEntro,3497015,29.6610917,106.2955243,,果老寨遗址,cave_entrance,,attraction,,,,,,,,no,,,archaeological_site,,,,yes,,,,,,,,,,,,,,,,,,,,,,,,,,,,,,,,,,,,,,,,,,,,,,,,,,,,,,,,,,,,,,,,,,,,,,,,,,,,,,,,,,,,,,,,,,,,
node,11954189744,1,2024-06-03T17:12:45Z,152209557,aetius,3304613,44.399364,4.2271104,,arche,cave_entrance,,,,,,,,,,,,,,,,,,,,,,,,,,,,,,,,,,,,,,,,,,,,,,,,,,,,,,,,,,,,,,,,,,,,,,,,,,,,,,,,,,,,,,,,,,,,,,,,,,,,,,,,,,,,,
node,12080122765,1,2024-07-29T12:58:39Z,154561979,Jordi MF,8278438,40.4324719,-0.5879256,,La Cueva,cave_entrance,,,,,,,,,,,,,,,,,,,,,,,,,,,,,,,,,,,,,,,,,,,,,,,,,,,,,,,,,,,,,,,,,,,,,,,,,,,,,,,,,,,,,,,,,,,,,,,,,,,,,,,,,,,,,
node,12150637414,1,2024-09-01T23:43:48Z,156074863,scdhin,12900351,32.0954841,119.2210791,,,cave_entrance,,,,,,,,,,,,,,,,,,,,,,,,,,,,,,,,,,,,,,,,,,,,,,,,,,,,,,,,,,,,,,,,,,,,,,,,,,,,,,,,,,,,,,,,,,,,,,,,,,,,,,,,,,,,,
node,12184077155,1,2024-09-18T13:13:07Z,156773161,Speleos,6236067,47.4458226,24.5271584,,Peştera Tăuşoare,cave_entrance,,,,,,,,950,,no,,,,,,,permit,,,,,,,,,,,,,,,,,,,,,,,,,,,,,,,,,,,,,,,,,,,,,,,,,,,,,,,,,,,,,,,,,,,,,,,,,,,,,,,,,,,,,,,,,,,,
node,12497973563,1,2025-01-13T12:57:18Z,161308755,hendasa,417347,36.5479505,4.5382419,,Grotte Tizi Maghlaz,cave_entrance,,,,,,,,,,yes,,,,,,,yes,,,,,,,,,,مغارة تيزي مغلاز,Grotte Tizi Maghlaz,,,,,,,,,,,,,,,,,,,,,,,,,,,,,,,,,,,,,,,,180,,,,,,,,,,,,,,,,,,,,,,,,,,,,,,,,,,,,,,,,,
node,12521313377,1,2025-01-21T20:35:46Z,161614644,waldviertlerkartograph,915498,40.6223982,24.5396825,,,cave_entrance,,,,,,,,,,,,,,,,,,,,,,,,,,,,,,,,,,,,,,,,,,,,,,,,,,,,,,,,,,,,,,,,,,,,,,,,,,,,,,,,,,,,,,,,,,,,,,,,,,,,,,,,,,,,,
node,12595360316,1,2025-02-17T10:24:48Z,162605106,Cláudio tereso,3071179,39.6399406,-8.7589819,,Buraco Roto,cave_entrance,,,,,,,,,,,,,,,,,,,,,,,,,,,,,,,,,,,,,,,,,,,,,,,,,,,,,,,,,,,,,,,,,,,,,,,,,,,,,,,,,,,,,,,,,,,,,,,,,,,,,,,,,,,,,
node,12879668276,1,2025-06-01T21:24:27Z,167068363,Heloks,11582591,46.9699458,9.6540024,,Eretsloch,cave_entrance,,,https://www.praettigau.info/de/ausflugsziele/eretsloch-gruesch,,,,,,,no,,,,,,,yes,,,,,,,,,,,,,,,,,,,,,,,,,,,,,,,,,,,,,,,,,,,,,,,,,,,,,,,,,,,,,,,,,,,,,,,,,,,,,,,,,,,,,,,,,,,,
node,13014990612,2,2025-07-21T07:54:27Z,169228248,BTH,481447,-6.04147,-77.2969868,,Cueva del Héctor,cave_entrance,,,,,,,,,,,,,,,,,,,,,,,,,,,,,,,,,,,,,,,,,,,,,,,,,,,,,,,,,,,,,,,,,,,,,,,,,,,,,,,,,,,,,,,,,,,,,,,,,,,,,,,,,,,,,
node,13028255810,2,2025-11-19T01:15:35Z,174839281,gurglypipe,161022,54.215445,-2.5104674,,Pippikin Pot,cave_entrance,,,,,,,,,,,,,,,,,,,,,,,,,,,,,,,,,,,,,,,,,,,,,,,,,,,,,,,,,,,,,,,,,,,,,,,,,,,,,,,,,,,,,,,,,,,,,,,,,,,,,,,,,,,,,
node,13073296633,1,2025-08-15T22:04:53Z,170501024,Ilanride22,2376044,33.2753983,35.5777472,,,cave_entrance,,,,,,,,,,,,,,,,,,,,,,,,,,,,,,,,,,,,,,,,,,,,,,,,,,,,,,,,,,,,,,,,,,,,,,,,,,,,,,,,,,,,,,,,,,,,,,,,,,,,,,,,,,,,,
node,13093008192,1,2025-08-23T19:52:41Z,170897640,aizelauna,125394,66.7809622,14.1323737,,,cave_entrance,,,,,,,,,,,,,,,,,,,,,,,,,,,,,,,,,,,,,,,,,,,,,,,,,,,,,,,,,,,,,,,,,,,,,,,,,,,,,,,,,,,,,,,,,,,,,,,,,,,,,,,,,,,,,
node,13130638123,1,2025-09-09T09:58:36Z,171676650,sanchi,170106,39.9329131,3.9661033,,,cave_entrance,,,,,,,,,,,,,,,,,,,,,,,,,,,,,,,,,,,,,,,,,,,,,,,,,,,,,,,,,,,,,,,,,,,,,,,,,,,,,,,,,,,,,,,,,,,,,,,,,,,,,,,,,,,,,
node,13152004017,1,2025-09-18T01:50:00Z,172090491,CharliePlett,4751364,16.2980724,-89.0906785,,Actun Halen,cave_entrance,,,,,,,,,,,,,,,,,,,,,,,,,,,,,,,,,,,,,,,,,,,,,,,,,,,,,,,,,,,,,,,,,,,,,,,,,,,,,,,,,,,,,,,,,,,,,,,exact location unknown,,,,,,,,,,,,,,
node,13169167192,1,2025-09-25T09:35:14Z,172430482,Hugoren Martinako,3392826,43.4434565,-5.1317632,,Cueva Rosa,cave_entrance,,,,,,,,,,,,,,,,,,,,,,,,,,,,,,,,,,,,,,,,,,,,,,,,,,,,,,,,,,,,,,,,,,,,,,,,,,,,,,,,,,,,,,,,,,,,,,,,,,,,,,,,,,,,,
node,13307603920,2,2025-12-24T02:10:08Z,176333169,ElementoGEO,1204081,-15.1164861,-44.2412366,,Gruta do Janelão,cave_entrance,,,,,,,,,,,,,,,,,,,,,,,,,,,,,,,,,,,,,,,,,,,,,,,,,,,,,,,,,,,,,,,,,,,,,,,,,,,,,,,,,,,,,,,,,,,,,,,,,,,,,,,,,,,,,
node,13324454762,1,2025-11-22T15:44:26Z,174993957,GeoAndi,16771983,46.7880545,8.2894275,,Bettenhöhle,cave_entrance,,,,,Q8304237,de:Bettenhöhle,,,,,,,,,,,,,,,,,,,,,,,,,,,,,,,,,,,,,,,,,,,,,,,,,,,,,,,,,,,,,,,,,,,,,,,,,,,,,,,,,,,,,,,,,ungefähre Lage,,,,,,,,,,,,,,
node,13404301868,1,2025-12-25T13:17:10Z,176394335,Jordi MF,8278438,40.449076,-0.4296389,,Cima el Dómine,cave_entrance,,,,,,,,,,,,,,,,,,,,,,,,,,,,,,,,,,,,,,,,,,,,,,,,,,,,,,,,,,,,,,,,,,,,,,,,,,,,,,,,,,,,,,,,,,,,,,,,,,,,,,,,,,,,,
node,13556252331,1,2026-02-13T16:39:57Z,178513221,Paolo Zgn,7550190,45.6925918,13.8916797,,Bestažovca,cave_entrance,,,,,,,,480,,,,,,,,,,,,,,,,,,,,,,,,,,,,,,,,,,,,,,,,,,,,,,,,,,,,,,,,,,,,,,,,,,,,,,,,,,,,,,,,,,,,,,,,,,,,,,,,,,,,,
node,13566719139,1,2026-02-15T14:39:25Z,178584924,yangch10664,16651671,29.0355676,107.1898891,,,cave_entrance,,,,,,,,,,,,,,,,,,,,,,,,,,,,,,,,,,,,,,,,,,,,,,,,,,,,,,,,,,,,,,,,,,,,,,,,,,,,,,,,,,,,,,,,,,,,,,,,,,,,,,,,,,,,,
