type,id,version,timestamp,changeset,user,uid,lat,lon,tag:heritage,tag:heritage:operator,tag:historic,tag:name,tag:name:ga,tag:ref:IE:nm,tag:ref:IE:smr,tag:wikidata,tag:wikipedia,tag:sketchfab,tag:tourism,tag:url:sketchfab,tag:material,tag:website,tag:alt_name,tag:inscription:la,tag:source:inscription,tag:wikimedia_commons,tag:note,tag:moved,tag:fixme,tag:name:en,tag:description,tag:inscription,tag:project,tag:source,tag:access,tag:height,tag:image,tag:moved:from,tag:source_ref,tag:width,tag:inscription:en,tag:inscription:pgl-Latn,tag:moved_to:wikidata,tag:location,tag:archaeological_site,tag:historic:civilization,tag:level,tag:depth,tag:source:ref,tag:image:license,tag:indoor,tag:moved_from,tag:ref,tag:ref:IE:ucc,tag:source:inscription:pgl-Latn,tag:loc_name,tag:related:wikipedia,tag:related:wikidata,tag:url:ogham3D,tag:colour,tag:moved_from:wikidata,tag:ref:IE:ciic,tag:moved_date,tag:discovery:date,tag:source:inscription:pgk-Latn,tag:ref:IE:cpm,tag:url
node,452289802,5,2024-11-26T14:56:33Z,159620587,geozeisig,66391,51.7640921,-10.1218702,2,IE:smr:IE:nm,ogham_stone,Darrynane Beg Ogham Stone,Cloch Oghaim Dhoire Fhíonáin Beag,346,KE106-113,Q42377707,en:Darrynane Beg Ogham Stone,,,,,,,,,,,,,,,,,,,,,,,,,,,,,,,,,,,,,,,,,,,,,,,,,,
node,473149586,11,2024-11-26T14:56:33Z,159620587,geozeisig,66391,51.7129549,-9.9441746,2,IE:smr:IE:nm,ogham_stone,Ballycrovane Ogham Stone,,426,CO102-013----,Q805400,en:Ballycrovane Ogham Stone,co102-013-ogham-faunkill-and-the-woods-78f64a9071d441a8bb97eb8e8447b45a,attraction,https://skfb.ly/oMGRU,,,,,,,,,,,,,,,,,,,,,,,,,,,,,,,,,,,,,,,,,,,,,,,
node,600221596,9,2025-04-22T20:10:05Z,165302708,Dafo43,114051,52.9958374,-6.5363958,2,IE:smr,ogham_stone,The Long Stone,,,WI022-012----,,,,,,granite,https://ogham.celt.dias.ie/search.php?ciic=51,,,,,,,,,,,,,,,,,,,,,,,,,,,,,,,,,,,,,,,,,,,,,
node,1275923177,12,2024-05-06T12:42:24Z,150963379,b-unicycling,1713634,52.2578184,-10.2484763,2,,ogham_stone,Arraglen Ogham Stone,,221.01;10029,KE025-002----,Q48797670,en:Arraglen Ogham Stone,,,,,,Brandon Monument,QRIMITIR RO/Ṇ[A]/ṆN MAQ̣ COMOGANN,wikipedia,File:Ogham Stone (geograph 2391021).jpg,,,,,,,,,,,,,,,,,,,,,,,,,,,,,,,,,,,,,,,,,
node,2428911148,8,2024-12-22T09:47:54Z,160494986,geozeisig,66391,52.8273179,-6.570098,2,IE:smr,ogham_stone,,,,CW009-028021,,,,,,,https://ogham.celt.dias.ie/search.php?ciic=15,,,,,temporary trial re DIAS permission BH/NW,,,,,,,,,,,,,,,,,,,,,,,,,,,,,,,,,,,,,,,,
node,3220290865,3,2024-12-10T07:19:59Z,160117665,geozeisig,66391,54.2465,-9.2536375,2,IE:smr,ogham_stone,Breastagh Ogham Stone,,,MA015-018001,Q28232526,en:Breastagh Ogham Stone,,,,,,,,,,,,,,,,,,,,,,,,,,,,,,,,,,,,,,,,,,,,,,,,,,
node,3621783646,5,2024-12-22T09:47:54Z,160494986,geozeisig,66391,53.0215908,-6.613205,2,IE:smr,ogham_stone,,,,WI021-004,,,,,,,https://ogham.celt.dias.ie/search.php?ciic=48,,,,,Ogham Stone (OSM Historical),yes,,,,,,,,,,,,,,,,,,,,,,,,,,,,,,,,,,,,,,,
node,3663314804,5,2024-11-27T14:04:08Z,159661420,geozeisig,66391,51.6447272,-8.8857259,2,IE:smr,ogham_stone,Templebryan North Ogham Stone,,,CO122-075004-,Q21036926,de:Oghamstein von Templebryan North,,,,,,,,,,,,,,,,,,,,,,,,,,,,,,,,,,,,,,,,,,,,,,,,,,
node,4395991496,5,2024-11-26T14:56:33Z,159620587,geozeisig,66391,52.1357501,-10.1307379,2,IE:smr,ogham_stone,Lugnagappul Ogham Stones,,,KE054-033004-;KE054-033002-,Q2016156,,,,,,,,,,,two ogham stones,,separate two ogham stones and map as two nodes,Lugnagappul Ogham Stones,,,,,,,,,,,,,,,,,,,,,,,,,,,,,,,,,,,,,
node,5111098877,7,2024-12-19T06:38:32Z,160379214,geozeisig,66391,52.4465553,-7.365915,2,IE:smr,ogham_stone,Lamoge Ogham Stone 1,,,KK034-013004-,,,lamogue-kk034-013004-905ec11e2d6b46ac8e1948353c04e55f,,https://skfb.ly/oMGSG,,,,,,,,,,,lying flat on the ground,,,,,,,,,,,,,,,,,,,,,,,,,,,,,,,,,,,,
node,5111098878,8,2024-12-19T06:38:32Z,160379214,geozeisig,66391,52.4465447,-7.3658922,2,IE:smr,ogham_stone,Lamoge Ogham Stone 2,,,KK034-013003-,,,lamogue-kk034-013003-8a67b4b09dc0435c8b74c8f44811738c,,https://skfb.ly/oMGSF,,,,,,,,,,,"lying flat on the ground, more triangular in shape",,,,,,,,,,,,,,,,,,,,,,,,,,,,,,,,,,,,
node,5145413640,10,2024-11-27T14:04:08Z,159661420,geozeisig,66391,52.1102541,-10.4731829,2,IE:smr,ogham_stone,CIIC 178,,,KE052-059002-,Q70892682,,,,,,,,,,File:Coumeenoole_Ogham_Stone_(Dunmore_Head).jpg,,no,,,,ERC MAQI MAQI-ERCIAS MU DOVINIA,ogham.link,survey,,,,,,,,,,,,,,,,,,,,,,,,,,,,,,,,,
node,5965037771,16,2024-12-11T06:53:08Z,160155386,geozeisig,66391,52.579261,-7.1300141,2,IE:smr,ogham_stone,Tullaherin Ogham Stone II,,,KK024-062009-,Q106674357,,,,https://skfb.ly/oRsN8,,,Loughboreen Ogham Stone,,,Category:Tullaherin ogham stone II,,yes,,,Standing upright. Measurements taken at widest and tallest point above ground level,,,local knowledge,yes,1.64,http://www.megalithicireland.com/Ogham%20stones/Tullaherin%20Ogham%20Stone.jpg,Loughboreen,"""In the Shadow of the Steeple"" Vol 1. 1987",0.54,,,,,,,,,,,,,,,,,,,,,,,,,,,
node,6810674728,6,2024-11-26T14:56:33Z,159620587,geozeisig,66391,52.0607426,-9.6334553,2,IE:smr:IE:nm,ogham_stone,CIIC 203,,385,KE065-078008-,Q67978531,en:Dunloe Ogham Stones,,,,stone,,,,,,,,,,,MAQI-DECEDA MAQ̣[I],,,,,,,,,,,,,,,,,,,,,,,,,,,,,,,,,,,
node,7082266109,8,2024-02-29T15:53:59Z,148059141,fthierygeo,8813335,52.27578,-9.6430037,2,,ogham_stone,Tullygarran Ogham Stones,,295,KE029-241----;KE029-132----,Q40888587,en:Tullygarran ogham stones,,attraction,,,http://megalithicireland.com/Tullygarran%20Ogham%20Stones%20Kerry.html?src=gpx,,,,File:Tullygarran Ogham Stones.jpg,two ogham stones,,"move to exact location, might be inside the gate; separate two stones into two entries",,,,,,,,,,,,,,,,,,,,,,,,,,,,,,,,,,,,,,
node,7082293699,9,2023-09-19T16:05:47Z,141475991,b-unicycling,1713634,52.2670369,-9.6818467,2,,ogham_stone,,,57,KE029-157002-,Q30247114,en:Ratass Church,,,,sandstone,"http://megalithicireland.com/Ratass%20Church,%20Tralee,%20Kerry.html?src=gpx",,,,,,,,,,[A]NM SILLANN MAQ VATTILLOGG,,,,,,,,,,,,,,,,,,,,,,,,,,,,,,,,,,,
node,7110849500,12,2024-12-11T06:53:08Z,160155386,geozeisig,66391,52.655473,-7.1460785,2,IE:smr,ogham_stone,Churchclara Ogham Stone II,,,KK020-017010-,,,,,https://skfb.ly/oM87P,sandstone,,,,https://ogham.celt.dias.ie,,,yes,,,"Part of the church wall, low in the wall, left of the entrance.",,,survey;https://ogham.celt.dias.ie,yes,0.23,,,https://ogham.celt.dias.ie/stone.php?lang=en&site=Churchclara&stone=Churchclara_II,1.12,f Gelán grandson of..?,G[E]LẠGN[I A]V[I ̣ ̣ ? ̣ ̣,Q123024121,,,,,,,,,,,,,,,,,,,,,,,,
node,7110849501,10,2024-12-11T06:53:08Z,160155386,geozeisig,66391,52.655441,-7.1458376,2,IE:smr,ogham_stone,Churchclara Ogham Stone I,,,KK020-017003-,,,,,,sandstone,,,,https://ogham.celt.dias.ie,,,yes,,,,,,survey;O'Kelly's Placenames p. 66,yes,0.22,,,https://ogham.celt.dias.ie/stone.php?lang=en&site=Churchclara&stone=28._Churchclara_I,1.56,,TAṢ[EGA]GN[I]/ [MAQ(?)]/ Ị MUC[O]Ị MAC̣[O]Ṛ[BO],Q123024121,east window on the outside of the wall,,,,,,,,,,,,,,,,,,,,,,,
node,7203972860,4,2024-10-16T12:47:23Z,157963046,fthierygeo,8813335,52.1788809,-10.3881606,yes,,ogham_stone,Ballinrannig Stone VII (CIIC 154),,,KE042-057003-,Q30247257,,,,,,,,,,File:County_Kerry_-_Ballinrannig_Stone_-_20060103222940.jpg,,no,,,,CUNAMAQQI CORBBI MAQQ[I MUCCOI DOVVINIA]S,ogham.link,survey,,,,,,,,,,,megalith,,,,,,,,,,,,,,,,,,,,,,
node,7925063785,4,2023-09-19T16:20:09Z,141476534,b-unicycling,1713634,51.9488162,-7.7259219,,,ogham_stone,Lugudeccas Stone,,,WA040-008025-,Q19297554,,,,,,,,,,,,,,,,,,,,,,,,,,,,,,,,,,,,,,,,,,,,,,,,,,,
node,8308921075,11,2024-02-21T22:41:06Z,147752222,b-unicycling,1713634,52.4642462,-7.2251274,2,,ogham_stone,Ballyboodan Ogham Stone,,599,KK031-058,Q28232281,en:Ballyboodan Ogham Stone,ballyboodan-ogham-stone-6b733b9fd210496bbe555b3c426ff182,,https://skfb.ly/FJFG,,,,,,Category:Ballyboodan Ogham Stone,,,,,"Lying flat on the ground, surrounded by wooden fence.",,,,yes,,,,,,,,,,,,,,,,,,,,,,,,,,,,,,,,
node,8355471227,4,2023-09-19T15:57:15Z,141475627,b-unicycling,1713634,52.5619056,-8.7788645,,,ogham_stone,,,,,,,,,,,,,,,,,yes,heights need to be measured and context shot taken to identify them and attribute ref:IE:smr,,,,,,,,,,,,,,,,,,,,,,,,,,,,,,,,,,,,,,
node,8355471228,4,2023-09-19T15:57:15Z,141475627,b-unicycling,1713634,52.5619303,-8.7788896,,,ogham_stone,,,,,,,,,,,,,,,,,yes,heights need to be measured and context shot taken to identify them and attribute ref:IE:smr,,,,,,,,,,,,,,,,,,,,,,,,,,,,,,,,,,,,,,
node,8355471229,4,2023-09-19T15:57:15Z,141475627,b-unicycling,1713634,52.561976,-8.7788418,,,ogham_stone,,,,,,,,,,,,,,,,,yes,heights need to be measured and context shot taken to identify them and attribute ref:IE:smr,,,,,,,,,,,,,,,,,,,,,,,,,,,,,,,,,,,,,,
node,8355471230,4,2023-09-19T15:57:15Z,141475627,b-unicycling,1713634,52.561926,-8.778782,,,ogham_stone,,,,,,,,,,,,,,,,,yes,heights need to be measured and context shot taken to identify them and attribute ref:IE:smr,,,,,,,,,,,,,,,,,,,,,,,,,,,,,,,,,,,,,,
node,8355471231,4,2023-09-19T15:57:15Z,141475627,b-unicycling,1713634,52.5619817,-8.7787799,,,ogham_stone,,,,,,,,,,,,,,,,,,,,,,,,,1.4,,,,,,,,,,,,,,,,,,,,,,,,,,,,,,,
node,8494707479,10,2024-12-11T06:53:09Z,160155386,geozeisig,66391,52.5792662,-7.1299631,2,IE:smr,ogham_stone,Tullaherin Ogham Stone I,,,KK024-062005-,Q106674310,,,,https://skfb.ly/oRsPU,,,,,,Category:Tullaherin Ogham stone I,The dimensions are measured from the widest point and the highest point from above the ground.,no,,,"White, standing ogham stone.",,,local knowledge,yes,0.66,,,"""In the Shadow of the Steeple"" Vol 1. 1987",0.23,,,,,,medieval,,,,,,,,,,,,,,,,,,,,,
node,8520931982,10,2024-12-11T06:53:09Z,160155386,geozeisig,66391,52.6542733,-7.254818,2,IE:smr,ogham_stone,,,,KK019-131----,,,shankill-kk019-131-65c3c5e326e442ffad8f87e2a533a070,,https://skfb.ly/6TZ6U,carboniferous limestone,,,,,,,,,,"Find location was near Shankill, Co. Kilkenny in 1970. Authenticity is doubted. Location varies, periodically moved within the museum.",,,museum's label,customers,0.58,,,https://ogham.celt.dias.ie/stone.php?lang=en&site=Rothe_House&stone=Shankill&stoneinfo=description,0.14,of Mac-Conlach/Conlang son of Cóel descendant of Cosc,MAQICUNALIGẸẠṢ / MAQI COILLI/ MUCOI COSCỊ/̣ẸẠṢ,,,,,2,,,,,,,,,,,,,,,,,,,,
node,8520962885,6,2024-12-11T06:53:09Z,160155386,geozeisig,66391,52.5108035,-7.1574784,2,IE:smr,ogham_stone,,,,KK028-062011-,,,,,https://skfb.ly/oMGSR,,,,,,,,yes,,,Original location was Cloghabrody north of Thomastown.,,,local knowledge,customers,1.46,,,,0.31,of Fedelmid/Feidlimid descendant of Loígde grandson of Muinchú,VEDDELLEMETTO MU/CI/ LOGIDDEAS/ AVVI MUNICCONA,,,,,,0.2,https://ogham.celt.dias.ie/stone.php?lang=en&site=Jerpoint_Abbey&stone=Cloghabrody,,,,,,,,,,,,,,,,,,
node,8584276628,4,2023-09-19T16:02:40Z,141475864,b-unicycling,1713634,52.1691185,-9.7258022,2,,ogham_stone,Ardcanaght Ogham Stone,,430,KE047-026001-,Q38251860,en:Ardcanaght Stones,,,,,,,,,,,yes,,,,,,https://ogham.celt.dias.ie/stone.php?lang=en&site=Ardcanaght&stone=246a._Ardcanaght_I,,,,,,,,,,,,,,,,,,,,,,,,,,,,,,,,,
node,9110402648,12,2024-11-27T14:04:08Z,159661420,geozeisig,66391,52.1847478,-10.3364628,2,IE:smr,ogham_stone,CIIC 187,,,KE042-026001,Q70892706,,kilmalkedar-ogham-stone-rgb-27a2344de48842978505db558cc0712c,,https://skfb.ly/6opHY,,,,,,,,no,,,,ẠṆM MẠỊLE-INBIR MACI BROCANN,ogham.link,https://holywellscorkandkerry.com/2019/08/21/two-wells-a-whole-lot-more-at-cill-mhaoilcheadair/;survey,,,https://www.flickr.com/photos/196367420@N05/52324823400/in/album-72177720301745883/,,,,,,,,,,,,,,,,,,,,,,,,,,,,,,
node,9990835587,18,2024-06-11T15:52:55Z,152549910,b-unicycling,1713634,51.8937512,-8.4922982,,,ogham_stone,CIIC 114/ UCC 26,,,CO074-139----,Q70885736,,,,,,,,,,,,yes,,,,GRIMIGGN[I MAQ]I CERC...,ogham.link,survey,,,https://flic.kr/p/2omvCu6,,,0.15,,GRI[ ]GGN CERR...,Q69379477,,,,,0.55,,CC BY-NC-SA 2.0,yes,"Knockshanawee, Co. Cork souterrain",,,,,,,,,,,,,,,
node,10040750611,7,2024-12-22T09:47:55Z,160494986,geozeisig,66391,53.3439268,-6.2564185,2,IE:smr,ogham_stone,CIIC 137 / TCBKD A,,,DU018-294----,Q70892569,,,,,,,,,,,,yes,,,,ANM VEDLI OIGGOI MACI SEDDOINI,ogham.link,survey,,,,,,,,,Q258464,,,,,,,,,,,,,,,,,,,,,,,,
node,10040757680,4,2024-11-26T14:56:33Z,159620587,geozeisig,66391,52.0767683,-9.5543233,2,IE:smr,ogham_stone,CIIC 242,,,KE066-016009-,Q70892852,,,,,,,,,,,,no,,,,BRRUANANN,ogham.link,survey,,,,,,,,,,,,,,,,,,,,,,,,,,,,,,,,,
node,10041491619,4,2024-11-26T14:56:34Z,159620587,geozeisig,66391,52.136177,-10.1379247,2,IE:smr,ogham_stone,CIIC 141,,,KE054-032003-,Q70892578,,,,,,,,,,,,no,,,,... MAQI MAQ[I-...O]GGODIKA,ogham.link,survey,,,,,,,,,,,,,,,,,,,,,,,,,,,,,,,,,
node,10041927343,6,2024-11-26T14:56:34Z,159620587,geozeisig,66391,52.1361046,-10.1376772,2,IE:smr,ogham_stone,CIIC 142,,,KE054-032004,Q70892582,,ke054-032004-aglish-oghamstone-ac451e7f6dfb4d1b9effd8017ba6b5cc,,https://skfb.ly/ovOwS,,,,,,,,no,,,,...] CELI AVI VU[...,ogham.link,survey,,,,,,,,,,,,,,,,,,,,,,,,,,,,,,,,,
node,10560404607,12,2024-06-05T22:51:27Z,152307179,b-unicycling,1713634,51.8936981,-8.4924824,,,ogham_stone,CIIC 86 / UCC 18,,,CO074-162----,Q106680741,,,,,,,,,,,,yes,,,,GRILAGNI MAQI SCILAGNI,ogham.link,survey,,,,,,,,CLIUCOANAS MAQI MAQI-TR[E]NI,Q69379477,,,,0,,,,yes,"Ballyknock, Co. Cork",CIIC 86,18,information panel,,,,,,,,,,,,
node,10563395863,5,2024-12-22T09:47:55Z,160494986,geozeisig,66391,53.3439213,-6.2563912,2,IE:smr,ogham_stone,CIIC 185 / TCBKD B,,,DU018-294----,Q106680858,,,,,,,,,,,,yes,,,,[CO?]BB[A?] AVI VLATIAMI MAQ...,ogham.link,servey,,,,,,,,,Q258464,,,,,,,,,,,,,,,,,,,,,,,,
node,10594924965,4,2023-02-22T09:41:42Z,132870550,b-unicycling,1713634,52.9442531,-6.613909,2,,ogham_stone,Crossoona Ogham Stone,,418,WI027-038002,Q28232133,en:Crossoona Rath,,,,,,,,,,,,,,,,,,,,,,,,,,,,,,,,,,,,,,,,,,,,,,,,,,
node,10594973066,4,2023-09-19T16:40:08Z,141477321,b-unicycling,1713634,52.9046431,-6.0714863,2,,ogham_stone,Castletimon Ogham Stone,,304,WI036-010----,Q28232123,en:Castletimon Ogham Stone,,,,,,,,,,,,check location,,,,,,,,,,,,,,,,,,,,,,,,,,,The Giant's Stone,,,,,,,,,,,
node,10601966811,4,2023-09-19T15:39:11Z,141474895,b-unicycling,1713634,53.8343177,-8.3699177,2,,ogham_stone,,,650,RO015-051004-,Q116689501,,,,,,,,,,,,,,,white line on Bing could be the fallen ogham stone,,,,,,,,,,,,,,,,,,,,,,,,,,,,,,,,,,,,
node,10601966825,5,2023-09-19T15:39:11Z,141474895,b-unicycling,1713634,53.834366,-8.3698983,2,,ogham_stone,,,650,RO015-051001-,Q116689501,,,,,,,,,,,,,,,,,,Bing,,,,,,,,,,,,,,,,,,,,,,,en:Drummin fort,,,,,,,,,,
node,10633917137,6,2024-11-26T07:16:09Z,159601525,geozeisig,66391,52.0780035,-8.6068654,2,IE:smr;IE:nm,ogham_stone,,,552,CO042-049001-,Q29587056,en:Greenhill Ogham Stones,,,,,,,,,,,,,,,,,,,,,,,,,,,,,,,,,,,,,,,,,,,,,,,,,,
node,10633917138,6,2024-11-26T07:16:09Z,159601525,geozeisig,66391,52.0776095,-8.6068319,2,IE:smr;IE:nm,ogham_stone,,,552,CO042-049002-,Q29587056,en:Greenhill Ogham Stones,,,,,,,,,,,,,,,,,,,,,,,,,,,,,,,,,,,,,,,,,,,,,,,,,,
node,10639514250,2,2023-02-16T14:00:09Z,132630992,b-unicycling,1713634,52.1767439,-10.2225267,2,,ogham_stone,Ballybowler North Ogham Stone,,221,,Q78062999,en:Ballybowler North Ogham Stone,,,,,,,,,,estimated location using wikipedia coordinates,,,,,,,,,,,,,,,,,,,,,,,,,,,,,,,,,,,,,,,,
node,10652133873,7,2024-11-26T14:56:34Z,159620587,geozeisig,66391,51.88842,-10.183724,2,IE:smr:IE:nm,ogham_stone,,,228,KE089-011001,Q38251789,en:Cloghanecarhan,cloghanecarhan-ogham-stone-22bec10b6158442f9e5b02d33122d833,,https://skfb.ly/KqYr,,,,,,,,yes,,,,,,,,,,,,,,,,,,,,,,,,,,,,,,,,,,,,,,,
node,10652214543,6,2024-11-26T14:56:34Z,159620587,geozeisig,66391,52.1315518,-10.2160272,2,IE:smr:IE:nm,ogham_stone,,,221.46;10041,KE053-040,Q96377241,en:Emlagh East Ogham Stone,ke053-040-emlagh-east-ogham-f71f242e7e614cfaa8265bf44f85837a,,https://skfb.ly/oMGS7,,,,,,"File:CIIC 180. Emlagh East (IMLEACH DHÚN SÉANN), Co. Kerry.png",,,,,First ogham stone ever to be recorded in Ireland.,,,,,,,,,,,,,,,,,,,,,,,,,,,,,,,,,,,,
node,10656139839,4,2024-11-26T14:56:34Z,159620587,geozeisig,66391,52.0740165,-9.7458977,2,IE:smr:IE:nm,ogham_stone,,,329,KE065-003009-;KE065-003010-;KE065-003007-;KE065-003005-;KE065-003008-;KE065-003002-;KE065-003006-,Q40889193,en:Kilcoolaght East ogham stones,,,,,,,,,,seven stones,yes,,,,,,,,,,,,,,,,,,,,,,,,,,,,,,,,,,,,,,,
node,10709752679,5,2024-12-07T07:03:04Z,160017346,geozeisig,66391,53.7263566,-8.6974336,2,IE:smr,ogham_stone,,,,MA103-022----,,,ma103-022-ballybeg-920aa00f87e64bd88fbd0eba5e3f8888,,https://sketchfab.com/3d-models/ma103-022-ballybeg-920aa00f87e64bd88fbd0eba5e3f8888,,,,,,,,,,,,,,British War office map;Bing,,,,,,,,,,,,,,,,,,,,,,,,,,,,,,,,,
node,11071324384,5,2024-11-27T14:04:08Z,159661420,geozeisig,66391,52.1664791,-10.4061674,2,IE:smr,ogham_stone,CIIC 195,,,KE042-165----,Q106680877,,,,,,,,,,,,yes,,,,CURCI MAQI MUC(COI) (V),ogham.link,survey,,,,,,,,,Q56379441,,,,,,,,,,,,,,,,,,,,,,,,
node,11071361392,12,2024-06-05T22:51:27Z,152307179,b-unicycling,1713634,51.893715,-8.4924208,,,ogham_stone,CIIC 81 / UCC 4,,,CO074-148----,Q106680733,,,,https://skfb.ly/oVOIH,,,,,,,,yes,,,,C[A]SSITT[A/O]S MAQI MU[CO]I CALLITI,ogham.link,survey,,,,,,,,C[A]SSITT[A/O] MAQI MU[CO]I CALLITI,Q69379477,,,,0,,,,yes,"Garranes, Co. Cork souterrain",,,information panel,,,,,,,,,,,,
node,11253027975,2,2024-11-27T14:04:08Z,159661420,geozeisig,66391,52.1664866,-10.4060895,2,IE:smr,ogham_stone,,,,KE042-166----;KE042-164----;KE042-167----;KE042-173----;KE042-180----,,,,,,,,,,,,"group of several ogham stones, need to be separated",yes,,,,,,,,,,,,,,,,,,,,,,,yes,,,,,,,,,,,,,,,,
node,11269073312,4,2024-11-27T14:04:08Z,159661420,geozeisig,66391,52.1267787,-10.3059383,2,IE:smr,ogham_stone,Ogham Stone Ballinrannig I,,,KE053-012004-,,,,,,,,,,,,,yes,,,,MAQQI CUNITTI,,,,,,,,,,,,,,,,,,,,,,,,,en:List of National Monuments in County Kerry,Q130602255,,,,,,,,,
node,11269073313,5,2024-11-27T14:04:08Z,159661420,geozeisig,66391,52.1267655,-10.3060131,2,IE:smr,ogham_stone,Ogham Stone Ballinrannig IV,,,KE053-012007-,,,,,,,,,,,,,yes,,,,BROINIONAS,,,,,,,,,,,,,,,,,,,,,,,,,en:List of National Monuments in County Kerry,Q130602118,,,,,,,,,
node,11269073314,6,2024-11-27T14:04:08Z,159661420,geozeisig,66391,52.1267822,-10.3060068,2,IE:smr,ogham_stone,Ogham Stone CIIC 175. Burnham West,,,KE053-012001-,,,,,,,,,,,,,yes,,,,MAQQI-ERCCIA MAQQI MUCOI DOVINIA,,,,,,,,,,,,,,,,,,,,,,,,,en:List of National Monuments in County Kerry,Q6591476,,,,,,,,,
node,11269073315,6,2024-11-27T14:04:08Z,159661420,geozeisig,66391,52.1267751,-10.305964,2,IE:smr,ogham_stone,Ogham Stone Ballinrannig II,,,KE053-012005-,,,,,https://skfb.ly/oMGSv,,,,,,,,yes,,,,DUBONIRRAS MAQQI TENAC(I),,,,,,,,,,,,,,,,,,,,,,,,,en:List of National Monuments in County Kerry,Q130602277,,,,,,,,,
node,11269073316,6,2024-11-27T14:04:08Z,159661420,geozeisig,66391,52.1267708,-10.305989,2,IE:smr,ogham_stone,Ogham Stone Ballinrannig III,,,KE053-012006-,,,,,,,,,,,,,yes,,,,NAVVICAS MAQI MUCOI DOVVINAS,,,,,,,,,,,,,,,,,,,,,,,,,en:List of National Monuments in County Kerry,Q130602052,,,,,,,,,
node,11269119003,3,2024-11-27T14:04:09Z,159661420,geozeisig,66391,52.1278156,-10.2433408,2,IE:smr,ogham_stone,,,,KE053-033008-,,,,,https://skfb.ly/o7YDL,,,,,,,,,move to their respective correct location; HEV only says that they're arranged in a circle with one placed centrally,,,,,,,,,,,,,,,,,,,,,,,,,,,,,,,,,,,,,,
node,11269119004,3,2024-11-27T14:04:09Z,159661420,geozeisig,66391,52.1277008,-10.2432032,2,IE:smr,ogham_stone,,,,KE053-033011-,,,,,https://skfb.ly/o7YDD,,,,,,,,,move to their respective correct location; HEV only says that they're arranged in a circle with one placed centrally,,,,,,,,,,,,,,,,,,,,,,,,,,,,,,,,,,,,,,
node,11269119005,3,2024-11-27T14:04:09Z,159661420,geozeisig,66391,52.1278572,-10.2431079,2,IE:smr,ogham_stone,,,,KE053-033009-,,,,,https://skfb.ly/o7YDI,,,,,,,,,move to their respective correct location; HEV only says that they're arranged in a circle with one placed centrally,,,,,,,,,,,,,,,,,,,,,,,,,,,,,,,,,,,,,,
node,11269119006,3,2024-11-27T14:04:09Z,159661420,geozeisig,66391,52.1278094,-10.2430595,2,IE:smr,ogham_stone,,,,KE053-033006-,,,,,https://skfb.ly/o7YDW,,,,,,,,yes,move to their respective correct location; HEV only says that they're arranged in a circle with one placed centrally,,,,,,,,,,,,,,,,,,,,,,,,,,,,,,,,,,,,,,
node,11269119007,3,2024-11-27T14:04:09Z,159661420,geozeisig,66391,52.1277402,-10.2430849,2,IE:smr,ogham_stone,,,,KE053-033012-,,,,,https://skfb.ly/oEyCM,,,,,,,,,move to their respective correct location; HEV only says that they're arranged in a circle with one placed centrally,,,,,,,,,,,,,,,,,,,,,,,,,,,,,,,,,,,,,,
node,11269119008,3,2024-11-27T14:04:09Z,159661420,geozeisig,66391,52.1278734,-10.2432184,2,IE:smr,ogham_stone,,,,KE053-033007-,,,,,https://skfb.ly/o7YDO,,,,,,,,,move to their respective correct location; HEV only says that they're arranged in a circle with one placed centrally,,,,,,,,,,,,,,,,,,,,,,,,,,,,,,,,,,,,,,
node,11269119009,3,2024-11-27T14:04:09Z,159661420,geozeisig,66391,52.1277098,-10.2432839,2,IE:smr,ogham_stone,,,,KE053-033013-,,,,,https://skfb.ly/oF8P7,,,,,,,,yes,move to their respective correct location; HEV only says that they're arranged in a circle with one placed centrally,,also has a Latin cross on it,,,,,,,,,,,,,,,,,,,,,,,,,,,,,,,,,,,,
node,11269119010,3,2024-11-27T14:04:09Z,159661420,geozeisig,66391,52.1277724,-10.2431909,2,IE:smr,ogham_stone,,,,KE053-033010-,,,,,https://skfb.ly/oMGSt,,,,,,,,yes,move to their respective correct location; HEV only says that they're arranged in a circle with one placed centrally,,,,,,,,,,,,,,,,,,,,,,,,,,,,,,,,,,,,,,
node,11269119011,3,2024-11-27T14:04:09Z,159661420,geozeisig,66391,52.1277655,-10.2433317,2,IE:smr,ogham_stone,,,,KE053-033005-,,,,,https://skfb.ly/oMGS9,,,,,,,,yes,move to their respective correct location; HEV only says that they're arranged in a circle with one placed centrally,,,,,,,,,,,,,,,,,,,,,,,,,,,,,,,,,,,,,,
node,11269165789,1,2023-10-17T12:54:29Z,142712154,b-unicycling,1713634,52.0744342,-7.8476737,,,ogham_stone,,,,WA029-042003-,,,,,,,,,,,,,,move to exact location,,,"᚛ᚉᚑᚂᚂᚐᚁᚑᚈ ᚋᚒᚉᚖ ᚂᚒᚌᚐ ᚋᚐᚊᚔ ᚂᚑᚁᚐᚉᚉᚑᚅᚐ᚜COLLABOT MUCOI LUGA MAQI LOBACCONA""Of Cóelub of the tribe of Lug, son of Lubchú",,,,,https://ogham.celt.dias.ie/resources/sites/Dromore/266._Dromore_I/266._Dromore_I_thumb.jpg,,,,,,,,,,,,,,,,,,,,,,https://ogham.celt.dias.ie/stone.php?lang=en&site=Dromore&stoneinfo=inscription&stone=266._Dromore_I,,,,,,,,
node,11269165790,1,2023-10-17T12:54:29Z,142712154,b-unicycling,1713634,52.0743959,-7.8476997,,,ogham_stone,,,,WA029-042006-,,,,,,,,,,,,,,move to exact location,,,᚛ᚋᚓᚇᚒᚄᚔ ᚋᚒᚉᚖ ᚂᚒᚌᚐ᚜ MEDUSI MUCOI LUGA) Medusi of the tribe of Lug,,,,,,,,,,,,,,,,,,,,,,,,,,,https://ogham.celt.dias.ie/stone.php?lang=en&site=Dromore&stone=267._Dromore_II,,,,,,,,
node,11558269687,2,2024-11-26T07:16:09Z,159601525,geozeisig,66391,52.0035443,-8.5371333,2,IE:smr,ogham_stone,Long Stone,,,CO052-014----,,,,,,,,,,,,,,,,,,,British War office map;Bing,,,,,,,,,,,,,,,,,,,,,,,,,,,,,,,,,
node,11574593297,2,2024-11-26T07:16:09Z,159601525,geozeisig,66391,51.9814556,-8.7975611,2,IE:smr,ogham_stone,,,,CO061-187----,,,,,,,,,,,,,,,,,,,British War office map;Bing,,,,,,,,,,,,,,,,,,,,,,,,,,,,,,,,,
node,11575064111,2,2024-11-26T07:16:09Z,159601525,geozeisig,66391,51.9521517,-8.8152966,2,IE:smr,ogham_stone,St. Olan's Cap,,,CO061-080005-,,,,,,,,,,,,,,,,,,,,,,,,,,,,,,,,,,,,,,,,,,,,,,,,,,,,
node,11677109638,4,2024-11-27T14:04:09Z,159661420,geozeisig,66391,52.2758257,-9.6430769,2,IE:smr,ogham_stone,CIIC 153 (Ballinrannig VI),,,KE042-057011-,Q106680820,,,,https://skfb.ly/oRynM,,,,,,File:CIIC_153_Ballinrannig_VI.jpg,,yes,,,,CCICAMINIvac. MAQ/Q[/I] C[A]TTINI,ogham.link,survey,,,,,,,,,Q40888587,,,,,,,,,,,,,,,,,,,,,,,,
node,11677113764,4,2024-11-27T14:04:09Z,159661420,geozeisig,66391,52.2758307,-9.6430461,2,IE:smr,ogham_stone,CIIC 152 (Ballinrannig V),,,KE042-057010-,Q106680819,,,,https://skfb.ly/oRBCy,,,,,,File:CIIC_152_Ballinrannig_V.jpg,,yes,,,,G̣/̣Ḷ[U]BB[IA]S MAQQ[I]/ [D(?)]N/ỊẠ?̣S,ogham.link,survey,,,,,,,,,Q40888587,,,,,,,,,,,,,,,,,,,,,,,,
node,11952692355,1,2024-06-02T23:28:32Z,152179362,b-unicycling,1713634,53.8962144,-8.6749037,,,ogham_stone,,,,,,,,,,,,,,,,,,,,,,,British War office map,,,,,,,,,,,,,,,,,,,,,,,,,,,,,,,,,
node,11955662684,9,2024-06-06T09:52:55Z,152323057,b-unicycling,1713634,51.8937282,-8.492376,,,ogham_stone,UCC 6,,,,Q70382438,,,,,sandstone,,,,,,,yes,,,,,,survey,,,,,,0.38,,BRANI MAQQI MU[ ]C...,,,,,0,0.47,,,yes,"Knockshanawee, Co. Cork souterrain",,6,,,,,,red,Q69383268,116,,,,,
node,11955662685,9,2025-09-23T07:16:22Z,172327978,tg4567,12500589,51.8937317,-8.4923642,,,ogham_stone,UCC 27,,,CO074-138----,Q70885739,,,,,,,,,,Category:CIIC 112 (Ogham Stone Concept by RAS Macalister),,yes,,,,,,survey,,,,,,0.23,,UCANAVVI MAQ[ ] LUGUN[I],,,,,0,0.62,,,yes,"Knockshanawee, Co. Cork souterrain",,,,,,,,,,,,,,,
node,11955670771,6,2024-06-05T15:40:34Z,152294243,b-unicycling,1713634,51.8937168,-8.4922616,,,ogham_stone,UCC 2,,,,,,,,,,,,,,,,,,,,,,survey,,,,,,0.28,,CULRIGANI MAQI MENUMAQ...,,,,,0,0.39,,,yes,"Knockshanawee, Co. Cork souterrain",,,,,,,,,,,,,,,
node,11955670773,6,2024-06-06T10:04:43Z,152323612,b-unicycling,1713634,51.8937029,-8.4923006,,,ogham_stone,UCC 3,,,,Q69385241,,,,,claystone,,,,,,,yes,,,,,,survey,,,,,,0.24,,COLLI,,,,,0,0.47,,,yes,"Knockshanawee, Co. Cork souterrain",,,,,,,,,Q69383268,,,,,,
node,11955670774,6,2024-06-05T15:40:34Z,152294243,b-unicycling,1713634,51.8936993,-8.4923118,,,ogham_stone,UCC 5,,,,,,,,,,,,,,,,yes,,,,,,survey,,,,,,0.23,,VEQIKAMI MAQI LUGUNI,,,,,0,0.4,,,yes,"Knockshanawee, Co. Cork souterrain",,,,,,,,,,,,,,,
node,11955670775,8,2024-06-08T23:35:35Z,152435386,b-unicycling,1713634,51.8936954,-8.4923217,,,ogham_stone,UCC 12,,,CO074-140----,Q70885701,,,,https://skfb.ly/oWnRy,,,,,,,,yes,,,,,,survey,,1.24,,,,0.22,,ERCAGNI MAC/Q[I] E[R]CIAS,,,,,0,0.48,,,yes,"Seemochuda, Co. Waterford cairn",,,,,,,,,,,,,,,
node,11955670776,9,2024-06-06T09:16:38Z,152321456,b-unicycling,1713634,51.8936822,-8.4923711,,,ogham_stone,UCC 24,,,CO074-151----,Q70885730,,,,https://skfb.ly/oVMSE,,,,,,,,yes,,,,,,survey,,,,,,,,OLAGNI MAQ,,,,,,,,,yes,"Bishop's Island, Co. Cork gate pier",,24,information panel,,,,,,Q85393915,,,,,,
node,11955670777,8,2024-06-05T22:51:27Z,152307179,b-unicycling,1713634,51.8936788,-8.4923806,,,ogham_stone,UCC 28,,,,,,,,,,,,,,,,yes,,,,,,survey,,,,,,,,[MI]MNACCANNI MAQI AILLUATT[A]N,,,,,,,,,yes,"Mountmusic, Co. Cork",,28,information panel,,,,,,,,,,,,
node,11955670778,8,2024-06-05T22:51:27Z,152307179,b-unicycling,1713634,51.8936754,-8.4923901,,,ogham_stone,UCC 23,,,,,,,,,,,,,,,,yes,,,,,,survey,,,,,,,,VIDETT[ ]S,,,,,,,,,yes,"Coolineagh, Co. Cork St Olan's Church",,,information panel,,,,,,,,1838,,,,
node,11955670779,6,2024-06-06T09:06:33Z,152321003,b-unicycling,1713634,51.8936642,-8.4924247,,,ogham_stone,UCC 22,,,,Q70885727,,,,,,,,,,,,yes,,,,,,survey,,,,,,,,CUNAGUSSOS MA...,,,,,,,,,yes,"Glounaglock, Co. Cork Stone circle",,22,information panel,,,,,,Q85394126,107,,,,,
node,11955670780,8,2024-06-06T09:58:24Z,152323347,b-unicycling,1713634,51.8936618,-8.4924339,,,ogham_stone,UCC 20,,,CO074-144----,Q70885722,,,,https://skfb.ly/oVOML,,,,,,,,yes,,,,,,survey,,,,,,,,"MAQI LAS?OG, B/M[ ]TTM[ ]CGE EGS[ ]MVV[ ]?/M",,,,,,,,,yes,"Tuligmore, Co. Cork",,20,information panel,,,,,,,,,1841,,,
node,11955670781,7,2024-06-06T08:56:00Z,152320484,b-unicycling,1713634,51.8936593,-8.4924431,,,ogham_stone,UCC 1,,,,Q69377850,,,,,,,,,,,,yes,,,,,,survey,,,,,,,,C[A]RRTTACC MMAQI MO/U CAGG,,,,,,,,,yes,"Barrachaurin, Co. Cork souterrain",,1,,,,,,,,,,,Information panel,,
node,11955670784,7,2024-06-06T09:08:37Z,152321091,b-unicycling,1713634,51.89369,-8.4925217,,,ogham_stone,UCC 21,,,,Q70885723,,,,,,,,,,,,yes,,,,,,survey,,,,,,,,BRUSC[O MAQI] DOVALESC[I] COLOMAGNI []V[]DU[]U,,,,,0,,,,yes,"Glenawillin, Co. Cork souterrain",,21,information panel,,,,,,Q85393995,63,,,,,
node,11955670785,7,2024-06-06T08:53:31Z,152320351,b-unicycling,1713634,51.8936926,-8.4925108,,,ogham_stone,UCC 10,,,,Q70885697,,,,,,,,,,,,yes,,,,,,survey,,,,,,,,C[O]VALUTI,,,,,0,,,,yes,"Ballyknock, Co. Cork",,10,information panel,,,,,,,96,,,,,
node,11955670786,11,2025-09-23T07:16:22Z,172327978,tg4567,12500589,51.8936964,-8.4924886,,,ogham_stone,UCC 19,,,,Q70885720,,,,,,,,,,Category:CIIC 88 (Ogham Stone Concept by RAS Macalister),,yes,,,,,,survey,,,,,,,,BRANAN MAQI OQOLI,,,,,0,,,,yes,"Ballyknock, Co. Cork",,19,information panel,,,,,,,88,,,,,
node,11955670788,9,2024-06-07T10:55:01Z,152370294,b-unicycling,1713634,51.8936998,-8.4924763,,,ogham_stone,UCC 17,,,,,,,,,,,,,,,,yes,,,,,,survey,,,,,,,,ACTO MAQI M[]MAGO,,,,,0,,,,yes,"Ballyknock, Co. Cork",,,information panel,,,,,,,,,,,,
node,11955670789,11,2025-09-23T07:16:22Z,172327978,tg4567,12500589,51.8937015,-8.4924701,,,ogham_stone,UCC 16,,,CO074-157----,Q70885712,,,,,,,,,,Category:CIIC 90 (Ogham Stone Concept by RAS Macalister),,yes,,,,,,survey,,,,,,,,CRONUN MAC BAIT,,,,,0,,,,yes,"Ballyknock, Co. Cork",,,information panel,,,,,,,,,,,,
node,11955670790,9,2024-06-05T22:51:27Z,152307179,b-unicycling,1713634,51.8937032,-8.4924639,,,ogham_stone,CIIC 94/ UCC 15,,,CO074-158----,Q70885706,,,,https://skfb.ly/oVMUC,,,,,,,,yes,,,,,,survey,,,,,,,,D[ ]MM[ ]MACI [ ]ERI,,,,,0,,,,yes,"Ballyknock, Co. Cork",,15,information panel,,,,,,,,,,,,
node,11955670791,9,2024-06-05T22:51:27Z,152307179,b-unicycling,1713634,51.8937049,-8.4924578,,,ogham_stone,UCC 14,,,CO074-159----,Q70885704,,,,https://skfb.ly/oVMV9,,,,,,,,yes,,,,,,survey,,,,,,,,L[A]MADULICCI MAC[ ]CBROCC,,,,,0,,,,yes,"Ballyknock, Co. Cork",,,information panel,,,,,,,,,,,,
node,11955670792,9,2024-06-05T22:51:27Z,152307179,b-unicycling,1713634,51.8937066,-8.4924516,,,ogham_stone,UCC 13,,,CO074-160----,Q70885703,,,,https://skfb.ly/oVMpN,,,,,,,,yes,,,,,,survey,,,,,,,,ANM MEDDOGENI,,,,,0,,,,yes,"Ballyknock, Co. Cork",,,information panel,,,,,,,,,,,,
node,11955670793,8,2024-06-05T22:51:27Z,152307179,b-unicycling,1713634,51.8937082,-8.4924454,,,ogham_stone,UCC 11,,,,,,,,,,,,,,,,yes,,,,,,survey,,,,,,,,D[ ]G[ ]TE/QUL[ ]Q... or DRUTIQUILI MAQI MAQI-RODAGNI,,,,,0,,,,yes,"Ballyknock, Co. Cork",,,information panel,,,,,,,,,,,,
node,11955670794,11,2025-09-23T07:16:22Z,172327978,tg4567,12500589,51.8937167,-8.4924146,,,ogham_stone,UCC 25,,,CO074-147----,Q70885734,,,,https://skfb.ly/oVOqB,,,,,,Category:CIIC 128 (Ogham Stone Concept by RAS Macalister),,yes,,,,,,survey,,,,,,,,DOVED/TI [MA]Q[I] LOCARENAS C[ ]U MAQI CULIDOVI,,,,,0,,,,yes,"Carrigagulla, Co. Cork bog",,,information panel,,,,,,Q85394128,,,,,,
node,11955670796,11,2025-09-23T07:16:22Z,172327978,tg4567,12500589,51.8937133,-8.4924269,,,ogham_stone,UCC 7,,,CO074-164—,Q70885690,,,,https://skfb.ly/oVMpr,,,,,,Category:CIIC 89 (Ogham Stone Concept by RAS Macalister),,yes,,,,,,survey,,,,,,,,BOGAI MAQI BIRAC...,,,,,0,,,,yes,"Ballyknock, Co. Cork",,7,information panel,,,,,,,,,,,,
node,11955670797,9,2024-06-05T22:51:27Z,152307179,b-unicycling,1713634,51.8937116,-8.4924331,,,ogham_stone,UCC 8,,,CO074-163----,Q70885692,,,,https://skfb.ly/oVM7t,,,,,,,,yes,,,,,,survey,,,,,,,,ERCAIDANA,,,,,0,,,,yes,"Ballyknock, Co. Cork",,,information panel,,,,,,,,,,,,
node,11955670798,10,2024-06-07T10:56:06Z,152370351,b-unicycling,1713634,51.8937099,-8.4924393,,,ogham_stone,UCC 9,,,,Q70885695,,,,,,,,,,,,yes,,,,,,survey,,,,,,,,GRILAGNI MAQI SCILAGNI,,,,,0,,,,yes,"Ballyknock, Co. Cork",,,information panel,,,,,,,,,,,,
node,11966423819,1,2024-06-09T13:46:05Z,152455799,fthierygeo,8813335,51.8961577,-8.4943171,,,ogham_stone,Kilbrittain Fragment,,,,,,,,,,,,,,,,yes,,,,,,survey,,,,,,,,,,,,,0,,,,yes,,,,,,,,,,,,,,,1993.16,
node,11966430251,3,2024-06-09T13:43:19Z,152455698,fthierygeo,8813335,51.8960881,-8.4943144,,,ogham_stone,CHUIS/1,,,,,,,,https://skfb.ly/oW6RU,,,,,,,,yes,,,,,,survey,,,,,,,,BECCCDINN MACI RI[T(T)A]VVECASS,,,,,0,,,,ogham,,,,information panel,,,,,,,,,,,G1094,
node,11966441102,1,2024-06-09T13:42:33Z,152455663,fthierygeo,8813335,51.896151,-8.4942742,,,ogham_stone,GEARS/1,,,,,,,,https://skfb.ly/oW6QR,,,,,,,,yes,,,,,,survey,,,,,,,,BRANADDOV MA[QI] MAQIQOLI MUCOI DOVI[NIAS],,,,,0,,,,yes,,,,McManus/1991,,,,,,,,,,,L.1954.3,
node,12276963607,3,2024-11-27T14:04:09Z,159661420,geozeisig,66391,52.126787,-10.3059796,2,IE:smr,ogham_stone,Ogham Stone CIIC 147. Ballineesteenigh,,,KE053-012002-,,,,,,,,,,,,,yes,,,,MOINENA MAQI OLACON,,,,,,,,,,,,,,,,,,,,,,,,,,,,,,,,,,,
node,12276982960,1,2024-10-21T17:04:47Z,158179735,fthierygeo,8813335,52.1267635,-10.3060326,,,ogham_stone,Ogham Stone BURNHAM EAST V,,,,,,,,,,,,,,,,,,,,,,,,,,,,,,,,,,,,,,,,,,,,,,,,,,,,,,,https://www.megalithicmonumentsofireland.com/COUNTIES/KERRY/BurnhamEast5_OghamStone.html
node,12661114455,1,2025-03-13T23:09:17Z,163591933,b-unicycling,1713634,52.5298176,-7.6332085,,,ogham_stone,,,,,,,,,,,,,,,,,,check whether it's still here,,,,,British war office map,,,,,,,,,,,,,,,,,,,,,,,,,,,,,,,,,
way,1209135262,2,2023-11-08T23:29:00Z,143801428,ij96,20314039,52.163292139999996,-7.46533608,2,,ogham_stone,Drumlohan Souterrain and Ogham Stones,,154,WA024-033010-;WA024-033013-;WA024-033007-;WA024-033008-;WA024-033017-;WA024-033011-;WA024-033014-;WA024-033006-;WA024-033012-;WA024-033009-;WA024-033015-,Q1261275,en:Drumlohan Souterrain and Ogham Stones,,,,,,,,,,,,separate all ogham stones into nodes,,,,,,,,,,,,,,,,souterrain,,,,,,,,,,,,,,,,,,,,,,
